CREATE DATABASE water;
USE water;

ALTER DATABASE water DEFAULT CHARACTER SET utf8 collate utf8_general_ci;

CREATE TABLE `location` (
    `idlocation` VARCHAR(45) NOT NULL PRIMARY KEY,
    `location1` VARCHAR(10) NOT NULL,
    `location2` VARCHAR(10) NOT NULL,
    `location3` VARCHAR(10) NOT NULL,
    `location4` VARCHAR(10) NOT NULL
) ENGINE=INNODB;

CREATE TABLE `criteria` (
    `idcriteria` VARCHAR(10) NOT NULL PRIMARY KEY,
    `maxval` DOUBLE,
    `minval` DOUBLE,
    `desc` VARCHAR(45) NOT NULL,
    `unit` VARCHAR(10)
) ENGINE=INNODB;

CREATE TABLE `datapoint` (
    `iddatapoint` INT(11) NOT NULL AUTO_INCREMENT PRIMARY KEY,
    `timestamp` VARCHAR(20) NOT NULL,
    `value` DOUBLE NOT NULL,
    `flag` BIT(1) NOT NULL,
    `idlocation` VARCHAR(45) NOT NULL,
    `idcriteria` VARCHAR(10) NOT NULL
) ENGINE=INNODB;

ALTER TABLE datapoint ADD FOREIGN KEY(idlocation) REFERENCES location (idlocation) on delete cascade on update cascade;
ALTER TABLE datapoint ADD FOREIGN KEY(idcriteria) REFERENCES criteria (idcriteria) on delete cascade on update cascade;


INSERT INTO location VALUES('서울-동작-상도-1', '서울', '동작구', '상도동', '1');
INSERT INTO location VALUES('서울-동작-상도-2', '서울', '동작구', '상도동', '2');
INSERT INTO location VALUES('서울-동작-흑석-3', '서울', '동작구', '흑석동', '3');
INSERT INTO location VALUES('서울-동작-흑석-4', '서울', '동작구', '흑석동', '4');
INSERT INTO location VALUES('서울-강남-삼성-2', '서울', '강남구', '삼성동', '2');
INSERT INTO location VALUES('인천-남동-구월-1', '인천', '남동구', '구월동', '1');

INSERT INTO criteria VALUES('PHI', 8.5, 5.8, '수소이온농도', 'pH');
INSERT INTO criteria VALUES('TBI', 0.5, 0, '탁도', 'NTU');
INSERT INTO criteria VALUES('TCC', 100, 0, '일반세균', 'CFU/ml');

INSERT INTO datapoint(`timestamp`, `value`, `flag`, `idlocation`, `idcriteria`) VALUES('180101-12:34', 6.99, 1, '서울-강남-삼성-2', 'PHI');
INSERT INTO datapoint(`timestamp`, `value`, `flag`, `idlocation`, `idcriteria`) VALUES('180101-12:34', 0.29, 1, '서울-강남-삼성-2', 'TBI');
INSERT INTO datapoint(`timestamp`, `value`, `flag`, `idlocation`, `idcriteria`) VALUES('180101-12:34', 27, 1, '서울-강남-삼성-2', 'TCC');
INSERT INTO datapoint(`timestamp`, `value`, `flag`, `idlocation`, `idcriteria`) VALUES('180102-12:34', 7.02, 1, '서울-강남-삼성-2', 'PHI');
INSERT INTO datapoint(`timestamp`, `value`, `flag`, `idlocation`, `idcriteria`) VALUES('180102-12:34', 0.08, 1, '서울-강남-삼성-2', 'TBI');
INSERT INTO datapoint(`timestamp`, `value`, `flag`, `idlocation`, `idcriteria`) VALUES('180102-12:34', 46, 1, '서울-강남-삼성-2', 'TCC');
INSERT INTO datapoint(`timestamp`, `value`, `flag`, `idlocation`, `idcriteria`) VALUES('180103-12:34', 6.91, 1, '서울-강남-삼성-2', 'PHI');
INSERT INTO datapoint(`timestamp`, `value`, `flag`, `idlocation`, `idcriteria`) VALUES('180103-12:34', 0.21, 1, '서울-강남-삼성-2', 'TBI');
INSERT INTO datapoint(`timestamp`, `value`, `flag`, `idlocation`, `idcriteria`) VALUES('180103-12:34', 46, 1, '서울-강남-삼성-2', 'TCC');
INSERT INTO datapoint(`timestamp`, `value`, `flag`, `idlocation`, `idcriteria`) VALUES('180104-12:34', 6.99, 1, '서울-강남-삼성-2', 'PHI');
INSERT INTO datapoint(`timestamp`, `value`, `flag`, `idlocation`, `idcriteria`) VALUES('180104-12:34', 0.47, 1, '서울-강남-삼성-2', 'TBI');
INSERT INTO datapoint(`timestamp`, `value`, `flag`, `idlocation`, `idcriteria`) VALUES('180104-12:34', 20, 1, '서울-강남-삼성-2', 'TCC');
INSERT INTO datapoint(`timestamp`, `value`, `flag`, `idlocation`, `idcriteria`) VALUES('180105-12:34', 7.19, 1, '서울-강남-삼성-2', 'PHI');
INSERT INTO datapoint(`timestamp`, `value`, `flag`, `idlocation`, `idcriteria`) VALUES('180105-12:34', 0.3, 1, '서울-강남-삼성-2', 'TBI');
INSERT INTO datapoint(`timestamp`, `value`, `flag`, `idlocation`, `idcriteria`) VALUES('180105-12:34', 16, 1, '서울-강남-삼성-2', 'TCC');
INSERT INTO datapoint(`timestamp`, `value`, `flag`, `idlocation`, `idcriteria`) VALUES('180106-12:34', 6.83, 1, '서울-강남-삼성-2', 'PHI');
INSERT INTO datapoint(`timestamp`, `value`, `flag`, `idlocation`, `idcriteria`) VALUES('180106-12:34', 0.33, 1, '서울-강남-삼성-2', 'TBI');
INSERT INTO datapoint(`timestamp`, `value`, `flag`, `idlocation`, `idcriteria`) VALUES('180106-12:34', 21, 1, '서울-강남-삼성-2', 'TCC');
INSERT INTO datapoint(`timestamp`, `value`, `flag`, `idlocation`, `idcriteria`) VALUES('180107-12:34', 7.02, 1, '서울-강남-삼성-2', 'PHI');
INSERT INTO datapoint(`timestamp`, `value`, `flag`, `idlocation`, `idcriteria`) VALUES('180107-12:34', 0.26, 1, '서울-강남-삼성-2', 'TBI');
INSERT INTO datapoint(`timestamp`, `value`, `flag`, `idlocation`, `idcriteria`) VALUES('180107-12:34', 6, 1, '서울-강남-삼성-2', 'TCC');
INSERT INTO datapoint(`timestamp`, `value`, `flag`, `idlocation`, `idcriteria`) VALUES('180108-12:34', 6.94, 1, '서울-강남-삼성-2', 'PHI');
INSERT INTO datapoint(`timestamp`, `value`, `flag`, `idlocation`, `idcriteria`) VALUES('180108-12:34', 0.03, 1, '서울-강남-삼성-2', 'TBI');
INSERT INTO datapoint(`timestamp`, `value`, `flag`, `idlocation`, `idcriteria`) VALUES('180108-12:34', 32, 1, '서울-강남-삼성-2', 'TCC');
INSERT INTO datapoint(`timestamp`, `value`, `flag`, `idlocation`, `idcriteria`) VALUES('180109-12:34', 6.76, 1, '서울-강남-삼성-2', 'PHI');
INSERT INTO datapoint(`timestamp`, `value`, `flag`, `idlocation`, `idcriteria`) VALUES('180109-12:34', 0.11, 1, '서울-강남-삼성-2', 'TBI');
INSERT INTO datapoint(`timestamp`, `value`, `flag`, `idlocation`, `idcriteria`) VALUES('180109-12:34', 27, 1, '서울-강남-삼성-2', 'TCC');
INSERT INTO datapoint(`timestamp`, `value`, `flag`, `idlocation`, `idcriteria`) VALUES('180110-12:34', 7.18, 1, '서울-강남-삼성-2', 'PHI');
INSERT INTO datapoint(`timestamp`, `value`, `flag`, `idlocation`, `idcriteria`) VALUES('180110-12:34', 0.26, 1, '서울-강남-삼성-2', 'TBI');
INSERT INTO datapoint(`timestamp`, `value`, `flag`, `idlocation`, `idcriteria`) VALUES('180110-12:34', 27, 1, '서울-강남-삼성-2', 'TCC');
INSERT INTO datapoint(`timestamp`, `value`, `flag`, `idlocation`, `idcriteria`) VALUES('180111-12:34', 7.07, 1, '서울-강남-삼성-2', 'PHI');
INSERT INTO datapoint(`timestamp`, `value`, `flag`, `idlocation`, `idcriteria`) VALUES('180111-12:34', 0.36, 1, '서울-강남-삼성-2', 'TBI');
INSERT INTO datapoint(`timestamp`, `value`, `flag`, `idlocation`, `idcriteria`) VALUES('180111-12:34', 0, 1, '서울-강남-삼성-2', 'TCC');
INSERT INTO datapoint(`timestamp`, `value`, `flag`, `idlocation`, `idcriteria`) VALUES('180112-12:34', 7.22, 1, '서울-강남-삼성-2', 'PHI');
INSERT INTO datapoint(`timestamp`, `value`, `flag`, `idlocation`, `idcriteria`) VALUES('180112-12:34', 0.28, 1, '서울-강남-삼성-2', 'TBI');
INSERT INTO datapoint(`timestamp`, `value`, `flag`, `idlocation`, `idcriteria`) VALUES('180112-12:34', 30, 1, '서울-강남-삼성-2', 'TCC');
INSERT INTO datapoint(`timestamp`, `value`, `flag`, `idlocation`, `idcriteria`) VALUES('180113-12:34', 6.92, 1, '서울-강남-삼성-2', 'PHI');
INSERT INTO datapoint(`timestamp`, `value`, `flag`, `idlocation`, `idcriteria`) VALUES('180113-12:34', 0.11, 1, '서울-강남-삼성-2', 'TBI');
INSERT INTO datapoint(`timestamp`, `value`, `flag`, `idlocation`, `idcriteria`) VALUES('180113-12:34', 10, 1, '서울-강남-삼성-2', 'TCC');
INSERT INTO datapoint(`timestamp`, `value`, `flag`, `idlocation`, `idcriteria`) VALUES('180114-12:34', 7.04, 1, '서울-강남-삼성-2', 'PHI');
INSERT INTO datapoint(`timestamp`, `value`, `flag`, `idlocation`, `idcriteria`) VALUES('180114-12:34', 0.46, 1, '서울-강남-삼성-2', 'TBI');
INSERT INTO datapoint(`timestamp`, `value`, `flag`, `idlocation`, `idcriteria`) VALUES('180114-12:34', 39, 1, '서울-강남-삼성-2', 'TCC');
INSERT INTO datapoint(`timestamp`, `value`, `flag`, `idlocation`, `idcriteria`) VALUES('180114-12:34', 7.06, 1, '서울-강남-삼성-2', 'PHI');
INSERT INTO datapoint(`timestamp`, `value`, `flag`, `idlocation`, `idcriteria`) VALUES('180114-12:34', 0.34, 1, '서울-강남-삼성-2', 'TBI');
INSERT INTO datapoint(`timestamp`, `value`, `flag`, `idlocation`, `idcriteria`) VALUES('180114-12:34', 42, 1, '서울-강남-삼성-2', 'TCC');
INSERT INTO datapoint(`timestamp`, `value`, `flag`, `idlocation`, `idcriteria`) VALUES('180115-12:34', 6.83, 1, '서울-강남-삼성-2', 'PHI');
INSERT INTO datapoint(`timestamp`, `value`, `flag`, `idlocation`, `idcriteria`) VALUES('180115-12:34', 0.42, 1, '서울-강남-삼성-2', 'TBI');
INSERT INTO datapoint(`timestamp`, `value`, `flag`, `idlocation`, `idcriteria`) VALUES('180115-12:34', 12, 1, '서울-강남-삼성-2', 'TCC');
INSERT INTO datapoint(`timestamp`, `value`, `flag`, `idlocation`, `idcriteria`) VALUES('180116-12:34', 7, 1, '서울-강남-삼성-2', 'PHI');
INSERT INTO datapoint(`timestamp`, `value`, `flag`, `idlocation`, `idcriteria`) VALUES('180116-12:34', 0.15, 1, '서울-강남-삼성-2', 'TBI');
INSERT INTO datapoint(`timestamp`, `value`, `flag`, `idlocation`, `idcriteria`) VALUES('180116-12:34', 4, 1, '서울-강남-삼성-2', 'TCC');
INSERT INTO datapoint(`timestamp`, `value`, `flag`, `idlocation`, `idcriteria`) VALUES('180117-12:34', 7, 1, '서울-강남-삼성-2', 'PHI');
INSERT INTO datapoint(`timestamp`, `value`, `flag`, `idlocation`, `idcriteria`) VALUES('180117-12:34', 0.46, 1, '서울-강남-삼성-2', 'TBI');
INSERT INTO datapoint(`timestamp`, `value`, `flag`, `idlocation`, `idcriteria`) VALUES('180117-12:34', 27, 1, '서울-강남-삼성-2', 'TCC');
INSERT INTO datapoint(`timestamp`, `value`, `flag`, `idlocation`, `idcriteria`) VALUES('180118-12:34', 7.1, 1, '서울-강남-삼성-2', 'PHI');
INSERT INTO datapoint(`timestamp`, `value`, `flag`, `idlocation`, `idcriteria`) VALUES('180118-12:34', 0, 1, '서울-강남-삼성-2', 'TBI');
INSERT INTO datapoint(`timestamp`, `value`, `flag`, `idlocation`, `idcriteria`) VALUES('180118-12:34', 19, 1, '서울-강남-삼성-2', 'TCC');
INSERT INTO datapoint(`timestamp`, `value`, `flag`, `idlocation`, `idcriteria`) VALUES('180119-12:34', 6.75, 1, '서울-강남-삼성-2', 'PHI');
INSERT INTO datapoint(`timestamp`, `value`, `flag`, `idlocation`, `idcriteria`) VALUES('180119-12:34', 0.48, 1, '서울-강남-삼성-2', 'TBI');
INSERT INTO datapoint(`timestamp`, `value`, `flag`, `idlocation`, `idcriteria`) VALUES('180119-12:34', 18, 1, '서울-강남-삼성-2', 'TCC');
INSERT INTO datapoint(`timestamp`, `value`, `flag`, `idlocation`, `idcriteria`) VALUES('180120-12:34', 7.2, 1, '서울-강남-삼성-2', 'PHI');
INSERT INTO datapoint(`timestamp`, `value`, `flag`, `idlocation`, `idcriteria`) VALUES('180120-12:34', 0.04, 1, '서울-강남-삼성-2', 'TBI');
INSERT INTO datapoint(`timestamp`, `value`, `flag`, `idlocation`, `idcriteria`) VALUES('180120-12:34', 6, 1, '서울-강남-삼성-2', 'TCC');
INSERT INTO datapoint(`timestamp`, `value`, `flag`, `idlocation`, `idcriteria`) VALUES('180121-12:34', 6.92, 1, '서울-강남-삼성-2', 'PHI');
INSERT INTO datapoint(`timestamp`, `value`, `flag`, `idlocation`, `idcriteria`) VALUES('180121-12:34', 0.01, 1, '서울-강남-삼성-2', 'TBI');
INSERT INTO datapoint(`timestamp`, `value`, `flag`, `idlocation`, `idcriteria`) VALUES('180121-12:34', 28, 1, '서울-강남-삼성-2', 'TCC');
INSERT INTO datapoint(`timestamp`, `value`, `flag`, `idlocation`, `idcriteria`) VALUES('180122-12:34', 6.99, 1, '서울-강남-삼성-2', 'PHI');
INSERT INTO datapoint(`timestamp`, `value`, `flag`, `idlocation`, `idcriteria`) VALUES('180122-12:34', 0.15, 1, '서울-강남-삼성-2', 'TBI');
INSERT INTO datapoint(`timestamp`, `value`, `flag`, `idlocation`, `idcriteria`) VALUES('180122-12:34', 13, 1, '서울-강남-삼성-2', 'TCC');
INSERT INTO datapoint(`timestamp`, `value`, `flag`, `idlocation`, `idcriteria`) VALUES('180123-12:34', 7.11, 1, '서울-강남-삼성-2', 'PHI');
INSERT INTO datapoint(`timestamp`, `value`, `flag`, `idlocation`, `idcriteria`) VALUES('180123-12:34', 0.18, 1, '서울-강남-삼성-2', 'TBI');
INSERT INTO datapoint(`timestamp`, `value`, `flag`, `idlocation`, `idcriteria`) VALUES('180123-12:34', 1, 1, '서울-강남-삼성-2', 'TCC');
INSERT INTO datapoint(`timestamp`, `value`, `flag`, `idlocation`, `idcriteria`) VALUES('180124-12:34', 7.12, 1, '서울-강남-삼성-2', 'PHI');
INSERT INTO datapoint(`timestamp`, `value`, `flag`, `idlocation`, `idcriteria`) VALUES('180124-12:34', 0.38, 1, '서울-강남-삼성-2', 'TBI');
INSERT INTO datapoint(`timestamp`, `value`, `flag`, `idlocation`, `idcriteria`) VALUES('180124-12:34', 16, 1, '서울-강남-삼성-2', 'TCC');
INSERT INTO datapoint(`timestamp`, `value`, `flag`, `idlocation`, `idcriteria`) VALUES('180125-12:34', 6.84, 1, '서울-강남-삼성-2', 'PHI');
INSERT INTO datapoint(`timestamp`, `value`, `flag`, `idlocation`, `idcriteria`) VALUES('180125-12:34', 0.33, 1, '서울-강남-삼성-2', 'TBI');
INSERT INTO datapoint(`timestamp`, `value`, `flag`, `idlocation`, `idcriteria`) VALUES('180125-12:34', 35, 1, '서울-강남-삼성-2', 'TCC');
INSERT INTO datapoint(`timestamp`, `value`, `flag`, `idlocation`, `idcriteria`) VALUES('180126-12:34', 7, 1, '서울-강남-삼성-2', 'PHI');
INSERT INTO datapoint(`timestamp`, `value`, `flag`, `idlocation`, `idcriteria`) VALUES('180126-12:34', 0.29, 1, '서울-강남-삼성-2', 'TBI');
INSERT INTO datapoint(`timestamp`, `value`, `flag`, `idlocation`, `idcriteria`) VALUES('180126-12:34', 45, 1, '서울-강남-삼성-2', 'TCC');
INSERT INTO datapoint(`timestamp`, `value`, `flag`, `idlocation`, `idcriteria`) VALUES('180127-12:34', 7.09, 1, '서울-강남-삼성-2', 'PHI');
INSERT INTO datapoint(`timestamp`, `value`, `flag`, `idlocation`, `idcriteria`) VALUES('180127-12:34', 0.44, 1, '서울-강남-삼성-2', 'TBI');
INSERT INTO datapoint(`timestamp`, `value`, `flag`, `idlocation`, `idcriteria`) VALUES('180127-12:34', 35, 1, '서울-강남-삼성-2', 'TCC');
INSERT INTO datapoint(`timestamp`, `value`, `flag`, `idlocation`, `idcriteria`) VALUES('180128-12:34', 6.99, 1, '서울-강남-삼성-2', 'PHI');
INSERT INTO datapoint(`timestamp`, `value`, `flag`, `idlocation`, `idcriteria`) VALUES('180128-12:34', 0.41, 1, '서울-강남-삼성-2', 'TBI');
INSERT INTO datapoint(`timestamp`, `value`, `flag`, `idlocation`, `idcriteria`) VALUES('180128-12:34', 25, 1, '서울-강남-삼성-2', 'TCC');
INSERT INTO datapoint(`timestamp`, `value`, `flag`, `idlocation`, `idcriteria`) VALUES('180129-12:34', 6.9, 1, '서울-강남-삼성-2', 'PHI');
INSERT INTO datapoint(`timestamp`, `value`, `flag`, `idlocation`, `idcriteria`) VALUES('180129-12:34', 0.4, 1, '서울-강남-삼성-2', 'TBI');
INSERT INTO datapoint(`timestamp`, `value`, `flag`, `idlocation`, `idcriteria`) VALUES('180129-12:34', 33, 1, '서울-강남-삼성-2', 'TCC');
INSERT INTO datapoint(`timestamp`, `value`, `flag`, `idlocation`, `idcriteria`) VALUES('180130-12:34', 7.12, 1, '서울-강남-삼성-2', 'PHI');
INSERT INTO datapoint(`timestamp`, `value`, `flag`, `idlocation`, `idcriteria`) VALUES('180130-12:34', 0.21, 1, '서울-강남-삼성-2', 'TBI');
INSERT INTO datapoint(`timestamp`, `value`, `flag`, `idlocation`, `idcriteria`) VALUES('180130-12:34', 13, 1, '서울-강남-삼성-2', 'TCC');
INSERT INTO datapoint(`timestamp`, `value`, `flag`, `idlocation`, `idcriteria`) VALUES('180131-12:34', 6.9, 1, '서울-강남-삼성-2', 'PHI');
INSERT INTO datapoint(`timestamp`, `value`, `flag`, `idlocation`, `idcriteria`) VALUES('180131-12:34', 0.06, 1, '서울-강남-삼성-2', 'TBI');
INSERT INTO datapoint(`timestamp`, `value`, `flag`, `idlocation`, `idcriteria`) VALUES('180131-12:34', 43, 1, '서울-강남-삼성-2', 'TCC');
INSERT INTO datapoint(`timestamp`, `value`, `flag`, `idlocation`, `idcriteria`) VALUES('180101-12:34', 6.76, 1, '서울-동작-상도-1', 'PHI');
INSERT INTO datapoint(`timestamp`, `value`, `flag`, `idlocation`, `idcriteria`) VALUES('180101-12:34', 0.11, 1, '서울-동작-상도-1', 'TBI');
INSERT INTO datapoint(`timestamp`, `value`, `flag`, `idlocation`, `idcriteria`) VALUES('180101-12:34', 34, 1, '서울-동작-상도-1', 'TCC');
INSERT INTO datapoint(`timestamp`, `value`, `flag`, `idlocation`, `idcriteria`) VALUES('180102-12:34', 7.11, 1, '서울-동작-상도-1', 'PHI');
INSERT INTO datapoint(`timestamp`, `value`, `flag`, `idlocation`, `idcriteria`) VALUES('180102-12:34', 0.19, 1, '서울-동작-상도-1', 'TBI');
INSERT INTO datapoint(`timestamp`, `value`, `flag`, `idlocation`, `idcriteria`) VALUES('180102-12:34', 5, 1, '서울-동작-상도-1', 'TCC');
INSERT INTO datapoint(`timestamp`, `value`, `flag`, `idlocation`, `idcriteria`) VALUES('180103-12:34', 7.23, 1, '서울-동작-상도-1', 'PHI');
INSERT INTO datapoint(`timestamp`, `value`, `flag`, `idlocation`, `idcriteria`) VALUES('180103-12:34', 0.34, 1, '서울-동작-상도-1', 'TBI');
INSERT INTO datapoint(`timestamp`, `value`, `flag`, `idlocation`, `idcriteria`) VALUES('180103-12:34', 23, 1, '서울-동작-상도-1', 'TCC');
INSERT INTO datapoint(`timestamp`, `value`, `flag`, `idlocation`, `idcriteria`) VALUES('180104-12:34', 7.02, 1, '서울-동작-상도-1', 'PHI');
INSERT INTO datapoint(`timestamp`, `value`, `flag`, `idlocation`, `idcriteria`) VALUES('180104-12:34', 0.25, 1, '서울-동작-상도-1', 'TBI');
INSERT INTO datapoint(`timestamp`, `value`, `flag`, `idlocation`, `idcriteria`) VALUES('180104-12:34', 4, 1, '서울-동작-상도-1', 'TCC');
INSERT INTO datapoint(`timestamp`, `value`, `flag`, `idlocation`, `idcriteria`) VALUES('180105-12:34', 7.13, 1, '서울-동작-상도-1', 'PHI');
INSERT INTO datapoint(`timestamp`, `value`, `flag`, `idlocation`, `idcriteria`) VALUES('180105-12:34', 0.33, 1, '서울-동작-상도-1', 'TBI');
INSERT INTO datapoint(`timestamp`, `value`, `flag`, `idlocation`, `idcriteria`) VALUES('180105-12:34', 33, 1, '서울-동작-상도-1', 'TCC');
INSERT INTO datapoint(`timestamp`, `value`, `flag`, `idlocation`, `idcriteria`) VALUES('180106-12:34', 6.89, 1, '서울-동작-상도-1', 'PHI');
INSERT INTO datapoint(`timestamp`, `value`, `flag`, `idlocation`, `idcriteria`) VALUES('180106-12:34', 0.26, 1, '서울-동작-상도-1', 'TBI');
INSERT INTO datapoint(`timestamp`, `value`, `flag`, `idlocation`, `idcriteria`) VALUES('180106-12:34', 49, 1, '서울-동작-상도-1', 'TCC');
INSERT INTO datapoint(`timestamp`, `value`, `flag`, `idlocation`, `idcriteria`) VALUES('180107-12:34', 7.15, 1, '서울-동작-상도-1', 'PHI');
INSERT INTO datapoint(`timestamp`, `value`, `flag`, `idlocation`, `idcriteria`) VALUES('180107-12:34', 0.11, 1, '서울-동작-상도-1', 'TBI');
INSERT INTO datapoint(`timestamp`, `value`, `flag`, `idlocation`, `idcriteria`) VALUES('180107-12:34', 46, 1, '서울-동작-상도-1', 'TCC');
INSERT INTO datapoint(`timestamp`, `value`, `flag`, `idlocation`, `idcriteria`) VALUES('180108-12:34', 6.97, 1, '서울-동작-상도-1', 'PHI');
INSERT INTO datapoint(`timestamp`, `value`, `flag`, `idlocation`, `idcriteria`) VALUES('180108-12:34', 0.06, 1, '서울-동작-상도-1', 'TBI');
INSERT INTO datapoint(`timestamp`, `value`, `flag`, `idlocation`, `idcriteria`) VALUES('180108-12:34', 33, 1, '서울-동작-상도-1', 'TCC');
INSERT INTO datapoint(`timestamp`, `value`, `flag`, `idlocation`, `idcriteria`) VALUES('180109-12:34', 7.05, 1, '서울-동작-상도-1', 'PHI');
INSERT INTO datapoint(`timestamp`, `value`, `flag`, `idlocation`, `idcriteria`) VALUES('180109-12:34', 0.39, 1, '서울-동작-상도-1', 'TBI');
INSERT INTO datapoint(`timestamp`, `value`, `flag`, `idlocation`, `idcriteria`) VALUES('180109-12:34', 19, 1, '서울-동작-상도-1', 'TCC');
INSERT INTO datapoint(`timestamp`, `value`, `flag`, `idlocation`, `idcriteria`) VALUES('180110-12:34', 6.98, 1, '서울-동작-상도-1', 'PHI');
INSERT INTO datapoint(`timestamp`, `value`, `flag`, `idlocation`, `idcriteria`) VALUES('180110-12:34', 0.41, 1, '서울-동작-상도-1', 'TBI');
INSERT INTO datapoint(`timestamp`, `value`, `flag`, `idlocation`, `idcriteria`) VALUES('180110-12:34', 40, 1, '서울-동작-상도-1', 'TCC');
INSERT INTO datapoint(`timestamp`, `value`, `flag`, `idlocation`, `idcriteria`) VALUES('180111-12:34', 6.87, 1, '서울-동작-상도-1', 'PHI');
INSERT INTO datapoint(`timestamp`, `value`, `flag`, `idlocation`, `idcriteria`) VALUES('180111-12:34', 0.13, 1, '서울-동작-상도-1', 'TBI');
INSERT INTO datapoint(`timestamp`, `value`, `flag`, `idlocation`, `idcriteria`) VALUES('180111-12:34', 50, 1, '서울-동작-상도-1', 'TCC');
INSERT INTO datapoint(`timestamp`, `value`, `flag`, `idlocation`, `idcriteria`) VALUES('180112-12:34', 6.98, 1, '서울-동작-상도-1', 'PHI');
INSERT INTO datapoint(`timestamp`, `value`, `flag`, `idlocation`, `idcriteria`) VALUES('180112-12:34', 0.03, 1, '서울-동작-상도-1', 'TBI');
INSERT INTO datapoint(`timestamp`, `value`, `flag`, `idlocation`, `idcriteria`) VALUES('180112-12:34', 8, 1, '서울-동작-상도-1', 'TCC');
INSERT INTO datapoint(`timestamp`, `value`, `flag`, `idlocation`, `idcriteria`) VALUES('180113-12:34', 7.22, 1, '서울-동작-상도-1', 'PHI');
INSERT INTO datapoint(`timestamp`, `value`, `flag`, `idlocation`, `idcriteria`) VALUES('180113-12:34', 0.07, 1, '서울-동작-상도-1', 'TBI');
INSERT INTO datapoint(`timestamp`, `value`, `flag`, `idlocation`, `idcriteria`) VALUES('180113-12:34', 8, 1, '서울-동작-상도-1', 'TCC');
INSERT INTO datapoint(`timestamp`, `value`, `flag`, `idlocation`, `idcriteria`) VALUES('180114-12:34', 7.08, 1, '서울-동작-상도-1', 'PHI');
INSERT INTO datapoint(`timestamp`, `value`, `flag`, `idlocation`, `idcriteria`) VALUES('180114-12:34', 0.04, 1, '서울-동작-상도-1', 'TBI');
INSERT INTO datapoint(`timestamp`, `value`, `flag`, `idlocation`, `idcriteria`) VALUES('180114-12:34', 19, 1, '서울-동작-상도-1', 'TCC');
INSERT INTO datapoint(`timestamp`, `value`, `flag`, `idlocation`, `idcriteria`) VALUES('180114-12:34', 6.98, 1, '서울-동작-상도-1', 'PHI');
INSERT INTO datapoint(`timestamp`, `value`, `flag`, `idlocation`, `idcriteria`) VALUES('180114-12:34', 0.28, 1, '서울-동작-상도-1', 'TBI');
INSERT INTO datapoint(`timestamp`, `value`, `flag`, `idlocation`, `idcriteria`) VALUES('180114-12:34', 5, 1, '서울-동작-상도-1', 'TCC');
INSERT INTO datapoint(`timestamp`, `value`, `flag`, `idlocation`, `idcriteria`) VALUES('180115-12:34', 6.92, 1, '서울-동작-상도-1', 'PHI');
INSERT INTO datapoint(`timestamp`, `value`, `flag`, `idlocation`, `idcriteria`) VALUES('180115-12:34', 0.26, 1, '서울-동작-상도-1', 'TBI');
INSERT INTO datapoint(`timestamp`, `value`, `flag`, `idlocation`, `idcriteria`) VALUES('180115-12:34', 4, 1, '서울-동작-상도-1', 'TCC');
INSERT INTO datapoint(`timestamp`, `value`, `flag`, `idlocation`, `idcriteria`) VALUES('180116-12:34', 7.12, 1, '서울-동작-상도-1', 'PHI');
INSERT INTO datapoint(`timestamp`, `value`, `flag`, `idlocation`, `idcriteria`) VALUES('180116-12:34', 0.47, 1, '서울-동작-상도-1', 'TBI');
INSERT INTO datapoint(`timestamp`, `value`, `flag`, `idlocation`, `idcriteria`) VALUES('180116-12:34', 13, 1, '서울-동작-상도-1', 'TCC');
INSERT INTO datapoint(`timestamp`, `value`, `flag`, `idlocation`, `idcriteria`) VALUES('180117-12:34', 6.77, 1, '서울-동작-상도-1', 'PHI');
INSERT INTO datapoint(`timestamp`, `value`, `flag`, `idlocation`, `idcriteria`) VALUES('180117-12:34', 0.44, 1, '서울-동작-상도-1', 'TBI');
INSERT INTO datapoint(`timestamp`, `value`, `flag`, `idlocation`, `idcriteria`) VALUES('180117-12:34', 26, 1, '서울-동작-상도-1', 'TCC');
INSERT INTO datapoint(`timestamp`, `value`, `flag`, `idlocation`, `idcriteria`) VALUES('180118-12:34', 7.12, 1, '서울-동작-상도-1', 'PHI');
INSERT INTO datapoint(`timestamp`, `value`, `flag`, `idlocation`, `idcriteria`) VALUES('180118-12:34', 0.44, 1, '서울-동작-상도-1', 'TBI');
INSERT INTO datapoint(`timestamp`, `value`, `flag`, `idlocation`, `idcriteria`) VALUES('180118-12:34', 49, 1, '서울-동작-상도-1', 'TCC');
INSERT INTO datapoint(`timestamp`, `value`, `flag`, `idlocation`, `idcriteria`) VALUES('180119-12:34', 6.88, 1, '서울-동작-상도-1', 'PHI');
INSERT INTO datapoint(`timestamp`, `value`, `flag`, `idlocation`, `idcriteria`) VALUES('180119-12:34', 0.11, 1, '서울-동작-상도-1', 'TBI');
INSERT INTO datapoint(`timestamp`, `value`, `flag`, `idlocation`, `idcriteria`) VALUES('180119-12:34', 11, 1, '서울-동작-상도-1', 'TCC');
INSERT INTO datapoint(`timestamp`, `value`, `flag`, `idlocation`, `idcriteria`) VALUES('180120-12:34', 6.81, 1, '서울-동작-상도-1', 'PHI');
INSERT INTO datapoint(`timestamp`, `value`, `flag`, `idlocation`, `idcriteria`) VALUES('180120-12:34', 0.36, 1, '서울-동작-상도-1', 'TBI');
INSERT INTO datapoint(`timestamp`, `value`, `flag`, `idlocation`, `idcriteria`) VALUES('180120-12:34', 31, 1, '서울-동작-상도-1', 'TCC');
INSERT INTO datapoint(`timestamp`, `value`, `flag`, `idlocation`, `idcriteria`) VALUES('180121-12:34', 7.07, 1, '서울-동작-상도-1', 'PHI');
INSERT INTO datapoint(`timestamp`, `value`, `flag`, `idlocation`, `idcriteria`) VALUES('180121-12:34', 0.37, 1, '서울-동작-상도-1', 'TBI');
INSERT INTO datapoint(`timestamp`, `value`, `flag`, `idlocation`, `idcriteria`) VALUES('180121-12:34', 29, 1, '서울-동작-상도-1', 'TCC');
INSERT INTO datapoint(`timestamp`, `value`, `flag`, `idlocation`, `idcriteria`) VALUES('180122-12:34', 7.13, 1, '서울-동작-상도-1', 'PHI');
INSERT INTO datapoint(`timestamp`, `value`, `flag`, `idlocation`, `idcriteria`) VALUES('180122-12:34', 0.43, 1, '서울-동작-상도-1', 'TBI');
INSERT INTO datapoint(`timestamp`, `value`, `flag`, `idlocation`, `idcriteria`) VALUES('180122-12:34', 35, 1, '서울-동작-상도-1', 'TCC');
INSERT INTO datapoint(`timestamp`, `value`, `flag`, `idlocation`, `idcriteria`) VALUES('180123-12:34', 6.9, 1, '서울-동작-상도-1', 'PHI');
INSERT INTO datapoint(`timestamp`, `value`, `flag`, `idlocation`, `idcriteria`) VALUES('180123-12:34', 0.1, 1, '서울-동작-상도-1', 'TBI');
INSERT INTO datapoint(`timestamp`, `value`, `flag`, `idlocation`, `idcriteria`) VALUES('180123-12:34', 29, 1, '서울-동작-상도-1', 'TCC');
INSERT INTO datapoint(`timestamp`, `value`, `flag`, `idlocation`, `idcriteria`) VALUES('180124-12:34', 7.19, 1, '서울-동작-상도-1', 'PHI');
INSERT INTO datapoint(`timestamp`, `value`, `flag`, `idlocation`, `idcriteria`) VALUES('180124-12:34', 0.35, 1, '서울-동작-상도-1', 'TBI');
INSERT INTO datapoint(`timestamp`, `value`, `flag`, `idlocation`, `idcriteria`) VALUES('180124-12:34', 36, 1, '서울-동작-상도-1', 'TCC');
INSERT INTO datapoint(`timestamp`, `value`, `flag`, `idlocation`, `idcriteria`) VALUES('180125-12:34', 7.2, 1, '서울-동작-상도-1', 'PHI');
INSERT INTO datapoint(`timestamp`, `value`, `flag`, `idlocation`, `idcriteria`) VALUES('180125-12:34', 0.04, 1, '서울-동작-상도-1', 'TBI');
INSERT INTO datapoint(`timestamp`, `value`, `flag`, `idlocation`, `idcriteria`) VALUES('180125-12:34', 44, 1, '서울-동작-상도-1', 'TCC');
INSERT INTO datapoint(`timestamp`, `value`, `flag`, `idlocation`, `idcriteria`) VALUES('180126-12:34', 6.88, 1, '서울-동작-상도-1', 'PHI');
INSERT INTO datapoint(`timestamp`, `value`, `flag`, `idlocation`, `idcriteria`) VALUES('180126-12:34', 0.36, 1, '서울-동작-상도-1', 'TBI');
INSERT INTO datapoint(`timestamp`, `value`, `flag`, `idlocation`, `idcriteria`) VALUES('180126-12:34', 33, 1, '서울-동작-상도-1', 'TCC');
INSERT INTO datapoint(`timestamp`, `value`, `flag`, `idlocation`, `idcriteria`) VALUES('180127-12:34', 7.08, 1, '서울-동작-상도-1', 'PHI');
INSERT INTO datapoint(`timestamp`, `value`, `flag`, `idlocation`, `idcriteria`) VALUES('180127-12:34', 0.29, 1, '서울-동작-상도-1', 'TBI');
INSERT INTO datapoint(`timestamp`, `value`, `flag`, `idlocation`, `idcriteria`) VALUES('180127-12:34', 33, 1, '서울-동작-상도-1', 'TCC');
INSERT INTO datapoint(`timestamp`, `value`, `flag`, `idlocation`, `idcriteria`) VALUES('180128-12:34', 6.78, 1, '서울-동작-상도-1', 'PHI');
INSERT INTO datapoint(`timestamp`, `value`, `flag`, `idlocation`, `idcriteria`) VALUES('180128-12:34', 0.47, 1, '서울-동작-상도-1', 'TBI');
INSERT INTO datapoint(`timestamp`, `value`, `flag`, `idlocation`, `idcriteria`) VALUES('180128-12:34', 35, 1, '서울-동작-상도-1', 'TCC');
INSERT INTO datapoint(`timestamp`, `value`, `flag`, `idlocation`, `idcriteria`) VALUES('180129-12:34', 7.04, 1, '서울-동작-상도-1', 'PHI');
INSERT INTO datapoint(`timestamp`, `value`, `flag`, `idlocation`, `idcriteria`) VALUES('180129-12:34', 0.1, 1, '서울-동작-상도-1', 'TBI');
INSERT INTO datapoint(`timestamp`, `value`, `flag`, `idlocation`, `idcriteria`) VALUES('180129-12:34', 17, 1, '서울-동작-상도-1', 'TCC');
INSERT INTO datapoint(`timestamp`, `value`, `flag`, `idlocation`, `idcriteria`) VALUES('180130-12:34', 6.89, 1, '서울-동작-상도-1', 'PHI');
INSERT INTO datapoint(`timestamp`, `value`, `flag`, `idlocation`, `idcriteria`) VALUES('180130-12:34', 0.42, 1, '서울-동작-상도-1', 'TBI');
INSERT INTO datapoint(`timestamp`, `value`, `flag`, `idlocation`, `idcriteria`) VALUES('180130-12:34', 28, 1, '서울-동작-상도-1', 'TCC');
INSERT INTO datapoint(`timestamp`, `value`, `flag`, `idlocation`, `idcriteria`) VALUES('180131-12:34', 6.78, 1, '서울-동작-상도-1', 'PHI');
INSERT INTO datapoint(`timestamp`, `value`, `flag`, `idlocation`, `idcriteria`) VALUES('180131-12:34', 0.3, 1, '서울-동작-상도-1', 'TBI');
INSERT INTO datapoint(`timestamp`, `value`, `flag`, `idlocation`, `idcriteria`) VALUES('180131-12:34', 6, 1, '서울-동작-상도-1', 'TCC');
INSERT INTO datapoint(`timestamp`, `value`, `flag`, `idlocation`, `idcriteria`) VALUES('180101-12:34', 6.78, 1, '서울-동작-상도-2', 'PHI');
INSERT INTO datapoint(`timestamp`, `value`, `flag`, `idlocation`, `idcriteria`) VALUES('180101-12:34', 0.2, 1, '서울-동작-상도-2', 'TBI');
INSERT INTO datapoint(`timestamp`, `value`, `flag`, `idlocation`, `idcriteria`) VALUES('180101-12:34', 17, 1, '서울-동작-상도-2', 'TCC');
INSERT INTO datapoint(`timestamp`, `value`, `flag`, `idlocation`, `idcriteria`) VALUES('180102-12:34', 7.11, 1, '서울-동작-상도-2', 'PHI');
INSERT INTO datapoint(`timestamp`, `value`, `flag`, `idlocation`, `idcriteria`) VALUES('180102-12:34', 0.23, 1, '서울-동작-상도-2', 'TBI');
INSERT INTO datapoint(`timestamp`, `value`, `flag`, `idlocation`, `idcriteria`) VALUES('180102-12:34', 21, 1, '서울-동작-상도-2', 'TCC');
INSERT INTO datapoint(`timestamp`, `value`, `flag`, `idlocation`, `idcriteria`) VALUES('180103-12:34', 7, 1, '서울-동작-상도-2', 'PHI');
INSERT INTO datapoint(`timestamp`, `value`, `flag`, `idlocation`, `idcriteria`) VALUES('180103-12:34', 0.09, 1, '서울-동작-상도-2', 'TBI');
INSERT INTO datapoint(`timestamp`, `value`, `flag`, `idlocation`, `idcriteria`) VALUES('180103-12:34', 32, 1, '서울-동작-상도-2', 'TCC');
INSERT INTO datapoint(`timestamp`, `value`, `flag`, `idlocation`, `idcriteria`) VALUES('180104-12:34', 7.03, 1, '서울-동작-상도-2', 'PHI');
INSERT INTO datapoint(`timestamp`, `value`, `flag`, `idlocation`, `idcriteria`) VALUES('180104-12:34', 0.37, 1, '서울-동작-상도-2', 'TBI');
INSERT INTO datapoint(`timestamp`, `value`, `flag`, `idlocation`, `idcriteria`) VALUES('180104-12:34', 19, 1, '서울-동작-상도-2', 'TCC');
INSERT INTO datapoint(`timestamp`, `value`, `flag`, `idlocation`, `idcriteria`) VALUES('180105-12:34', 7.23, 1, '서울-동작-상도-2', 'PHI');
INSERT INTO datapoint(`timestamp`, `value`, `flag`, `idlocation`, `idcriteria`) VALUES('180105-12:34', 0.2, 1, '서울-동작-상도-2', 'TBI');
INSERT INTO datapoint(`timestamp`, `value`, `flag`, `idlocation`, `idcriteria`) VALUES('180105-12:34', 30, 1, '서울-동작-상도-2', 'TCC');
INSERT INTO datapoint(`timestamp`, `value`, `flag`, `idlocation`, `idcriteria`) VALUES('180106-12:34', 7.02, 1, '서울-동작-상도-2', 'PHI');
INSERT INTO datapoint(`timestamp`, `value`, `flag`, `idlocation`, `idcriteria`) VALUES('180106-12:34', 0.03, 1, '서울-동작-상도-2', 'TBI');
INSERT INTO datapoint(`timestamp`, `value`, `flag`, `idlocation`, `idcriteria`) VALUES('180106-12:34', 1, 1, '서울-동작-상도-2', 'TCC');
INSERT INTO datapoint(`timestamp`, `value`, `flag`, `idlocation`, `idcriteria`) VALUES('180107-12:34', 6.98, 1, '서울-동작-상도-2', 'PHI');
INSERT INTO datapoint(`timestamp`, `value`, `flag`, `idlocation`, `idcriteria`) VALUES('180107-12:34', 0.43, 1, '서울-동작-상도-2', 'TBI');
INSERT INTO datapoint(`timestamp`, `value`, `flag`, `idlocation`, `idcriteria`) VALUES('180107-12:34', 10, 1, '서울-동작-상도-2', 'TCC');
INSERT INTO datapoint(`timestamp`, `value`, `flag`, `idlocation`, `idcriteria`) VALUES('180108-12:34', 7.2, 1, '서울-동작-상도-2', 'PHI');
INSERT INTO datapoint(`timestamp`, `value`, `flag`, `idlocation`, `idcriteria`) VALUES('180108-12:34', 0.49, 1, '서울-동작-상도-2', 'TBI');
INSERT INTO datapoint(`timestamp`, `value`, `flag`, `idlocation`, `idcriteria`) VALUES('180108-12:34', 29, 1, '서울-동작-상도-2', 'TCC');
INSERT INTO datapoint(`timestamp`, `value`, `flag`, `idlocation`, `idcriteria`) VALUES('180109-12:34', 7.22, 1, '서울-동작-상도-2', 'PHI');
INSERT INTO datapoint(`timestamp`, `value`, `flag`, `idlocation`, `idcriteria`) VALUES('180109-12:34', 0.23, 1, '서울-동작-상도-2', 'TBI');
INSERT INTO datapoint(`timestamp`, `value`, `flag`, `idlocation`, `idcriteria`) VALUES('180109-12:34', 16, 1, '서울-동작-상도-2', 'TCC');
INSERT INTO datapoint(`timestamp`, `value`, `flag`, `idlocation`, `idcriteria`) VALUES('180110-12:34', 7.22, 1, '서울-동작-상도-2', 'PHI');
INSERT INTO datapoint(`timestamp`, `value`, `flag`, `idlocation`, `idcriteria`) VALUES('180110-12:34', 0.36, 1, '서울-동작-상도-2', 'TBI');
INSERT INTO datapoint(`timestamp`, `value`, `flag`, `idlocation`, `idcriteria`) VALUES('180110-12:34', 39, 1, '서울-동작-상도-2', 'TCC');
INSERT INTO datapoint(`timestamp`, `value`, `flag`, `idlocation`, `idcriteria`) VALUES('180111-12:34', 6.85, 1, '서울-동작-상도-2', 'PHI');
INSERT INTO datapoint(`timestamp`, `value`, `flag`, `idlocation`, `idcriteria`) VALUES('180111-12:34', 0.27, 1, '서울-동작-상도-2', 'TBI');
INSERT INTO datapoint(`timestamp`, `value`, `flag`, `idlocation`, `idcriteria`) VALUES('180111-12:34', 7, 1, '서울-동작-상도-2', 'TCC');
INSERT INTO datapoint(`timestamp`, `value`, `flag`, `idlocation`, `idcriteria`) VALUES('180112-12:34', 6.99, 1, '서울-동작-상도-2', 'PHI');
INSERT INTO datapoint(`timestamp`, `value`, `flag`, `idlocation`, `idcriteria`) VALUES('180112-12:34', 0.23, 1, '서울-동작-상도-2', 'TBI');
INSERT INTO datapoint(`timestamp`, `value`, `flag`, `idlocation`, `idcriteria`) VALUES('180112-12:34', 11, 1, '서울-동작-상도-2', 'TCC');
INSERT INTO datapoint(`timestamp`, `value`, `flag`, `idlocation`, `idcriteria`) VALUES('180113-12:34', 7.23, 1, '서울-동작-상도-2', 'PHI');
INSERT INTO datapoint(`timestamp`, `value`, `flag`, `idlocation`, `idcriteria`) VALUES('180113-12:34', 0.07, 1, '서울-동작-상도-2', 'TBI');
INSERT INTO datapoint(`timestamp`, `value`, `flag`, `idlocation`, `idcriteria`) VALUES('180113-12:34', 19, 1, '서울-동작-상도-2', 'TCC');
INSERT INTO datapoint(`timestamp`, `value`, `flag`, `idlocation`, `idcriteria`) VALUES('180114-12:34', 6.87, 1, '서울-동작-상도-2', 'PHI');
INSERT INTO datapoint(`timestamp`, `value`, `flag`, `idlocation`, `idcriteria`) VALUES('180114-12:34', 0.48, 1, '서울-동작-상도-2', 'TBI');
INSERT INTO datapoint(`timestamp`, `value`, `flag`, `idlocation`, `idcriteria`) VALUES('180114-12:34', 6, 1, '서울-동작-상도-2', 'TCC');
INSERT INTO datapoint(`timestamp`, `value`, `flag`, `idlocation`, `idcriteria`) VALUES('180114-12:34', 7.08, 1, '서울-동작-상도-2', 'PHI');
INSERT INTO datapoint(`timestamp`, `value`, `flag`, `idlocation`, `idcriteria`) VALUES('180114-12:34', 0.42, 1, '서울-동작-상도-2', 'TBI');
INSERT INTO datapoint(`timestamp`, `value`, `flag`, `idlocation`, `idcriteria`) VALUES('180114-12:34', 4, 1, '서울-동작-상도-2', 'TCC');
INSERT INTO datapoint(`timestamp`, `value`, `flag`, `idlocation`, `idcriteria`) VALUES('180115-12:34', 6.93, 1, '서울-동작-상도-2', 'PHI');
INSERT INTO datapoint(`timestamp`, `value`, `flag`, `idlocation`, `idcriteria`) VALUES('180115-12:34', 0.35, 1, '서울-동작-상도-2', 'TBI');
INSERT INTO datapoint(`timestamp`, `value`, `flag`, `idlocation`, `idcriteria`) VALUES('180115-12:34', 33, 1, '서울-동작-상도-2', 'TCC');
INSERT INTO datapoint(`timestamp`, `value`, `flag`, `idlocation`, `idcriteria`) VALUES('180116-12:34', 7.16, 1, '서울-동작-상도-2', 'PHI');
INSERT INTO datapoint(`timestamp`, `value`, `flag`, `idlocation`, `idcriteria`) VALUES('180116-12:34', 0.12, 1, '서울-동작-상도-2', 'TBI');
INSERT INTO datapoint(`timestamp`, `value`, `flag`, `idlocation`, `idcriteria`) VALUES('180116-12:34', 9, 1, '서울-동작-상도-2', 'TCC');
INSERT INTO datapoint(`timestamp`, `value`, `flag`, `idlocation`, `idcriteria`) VALUES('180117-12:34', 7.09, 1, '서울-동작-상도-2', 'PHI');
INSERT INTO datapoint(`timestamp`, `value`, `flag`, `idlocation`, `idcriteria`) VALUES('180117-12:34', 0.36, 1, '서울-동작-상도-2', 'TBI');
INSERT INTO datapoint(`timestamp`, `value`, `flag`, `idlocation`, `idcriteria`) VALUES('180117-12:34', 46, 1, '서울-동작-상도-2', 'TCC');
INSERT INTO datapoint(`timestamp`, `value`, `flag`, `idlocation`, `idcriteria`) VALUES('180118-12:34', 7.02, 1, '서울-동작-상도-2', 'PHI');
INSERT INTO datapoint(`timestamp`, `value`, `flag`, `idlocation`, `idcriteria`) VALUES('180118-12:34', 0.31, 1, '서울-동작-상도-2', 'TBI');
INSERT INTO datapoint(`timestamp`, `value`, `flag`, `idlocation`, `idcriteria`) VALUES('180118-12:34', 32, 1, '서울-동작-상도-2', 'TCC');
INSERT INTO datapoint(`timestamp`, `value`, `flag`, `idlocation`, `idcriteria`) VALUES('180119-12:34', 6.98, 1, '서울-동작-상도-2', 'PHI');
INSERT INTO datapoint(`timestamp`, `value`, `flag`, `idlocation`, `idcriteria`) VALUES('180119-12:34', 0.12, 1, '서울-동작-상도-2', 'TBI');
INSERT INTO datapoint(`timestamp`, `value`, `flag`, `idlocation`, `idcriteria`) VALUES('180119-12:34', 37, 1, '서울-동작-상도-2', 'TCC');
INSERT INTO datapoint(`timestamp`, `value`, `flag`, `idlocation`, `idcriteria`) VALUES('180120-12:34', 7.06, 1, '서울-동작-상도-2', 'PHI');
INSERT INTO datapoint(`timestamp`, `value`, `flag`, `idlocation`, `idcriteria`) VALUES('180120-12:34', 0.33, 1, '서울-동작-상도-2', 'TBI');
INSERT INTO datapoint(`timestamp`, `value`, `flag`, `idlocation`, `idcriteria`) VALUES('180120-12:34', 6, 1, '서울-동작-상도-2', 'TCC');
INSERT INTO datapoint(`timestamp`, `value`, `flag`, `idlocation`, `idcriteria`) VALUES('180121-12:34', 6.97, 1, '서울-동작-상도-2', 'PHI');
INSERT INTO datapoint(`timestamp`, `value`, `flag`, `idlocation`, `idcriteria`) VALUES('180121-12:34', 0.29, 1, '서울-동작-상도-2', 'TBI');
INSERT INTO datapoint(`timestamp`, `value`, `flag`, `idlocation`, `idcriteria`) VALUES('180121-12:34', 46, 1, '서울-동작-상도-2', 'TCC');
INSERT INTO datapoint(`timestamp`, `value`, `flag`, `idlocation`, `idcriteria`) VALUES('180122-12:34', 7.21, 1, '서울-동작-상도-2', 'PHI');
INSERT INTO datapoint(`timestamp`, `value`, `flag`, `idlocation`, `idcriteria`) VALUES('180122-12:34', 0.36, 1, '서울-동작-상도-2', 'TBI');
INSERT INTO datapoint(`timestamp`, `value`, `flag`, `idlocation`, `idcriteria`) VALUES('180122-12:34', 3, 1, '서울-동작-상도-2', 'TCC');
INSERT INTO datapoint(`timestamp`, `value`, `flag`, `idlocation`, `idcriteria`) VALUES('180123-12:34', 7, 1, '서울-동작-상도-2', 'PHI');
INSERT INTO datapoint(`timestamp`, `value`, `flag`, `idlocation`, `idcriteria`) VALUES('180123-12:34', 0.1, 1, '서울-동작-상도-2', 'TBI');
INSERT INTO datapoint(`timestamp`, `value`, `flag`, `idlocation`, `idcriteria`) VALUES('180123-12:34', 28, 1, '서울-동작-상도-2', 'TCC');
INSERT INTO datapoint(`timestamp`, `value`, `flag`, `idlocation`, `idcriteria`) VALUES('180124-12:34', 6.92, 1, '서울-동작-상도-2', 'PHI');
INSERT INTO datapoint(`timestamp`, `value`, `flag`, `idlocation`, `idcriteria`) VALUES('180124-12:34', 0.04, 1, '서울-동작-상도-2', 'TBI');
INSERT INTO datapoint(`timestamp`, `value`, `flag`, `idlocation`, `idcriteria`) VALUES('180124-12:34', 39, 1, '서울-동작-상도-2', 'TCC');
INSERT INTO datapoint(`timestamp`, `value`, `flag`, `idlocation`, `idcriteria`) VALUES('180125-12:34', 6.84, 1, '서울-동작-상도-2', 'PHI');
INSERT INTO datapoint(`timestamp`, `value`, `flag`, `idlocation`, `idcriteria`) VALUES('180125-12:34', 0.33, 1, '서울-동작-상도-2', 'TBI');
INSERT INTO datapoint(`timestamp`, `value`, `flag`, `idlocation`, `idcriteria`) VALUES('180125-12:34', 46, 1, '서울-동작-상도-2', 'TCC');
INSERT INTO datapoint(`timestamp`, `value`, `flag`, `idlocation`, `idcriteria`) VALUES('180126-12:34', 7.01, 1, '서울-동작-상도-2', 'PHI');
INSERT INTO datapoint(`timestamp`, `value`, `flag`, `idlocation`, `idcriteria`) VALUES('180126-12:34', 0.39, 1, '서울-동작-상도-2', 'TBI');
INSERT INTO datapoint(`timestamp`, `value`, `flag`, `idlocation`, `idcriteria`) VALUES('180126-12:34', 14, 1, '서울-동작-상도-2', 'TCC');
INSERT INTO datapoint(`timestamp`, `value`, `flag`, `idlocation`, `idcriteria`) VALUES('180127-12:34', 6.95, 1, '서울-동작-상도-2', 'PHI');
INSERT INTO datapoint(`timestamp`, `value`, `flag`, `idlocation`, `idcriteria`) VALUES('180127-12:34', 0.46, 1, '서울-동작-상도-2', 'TBI');
INSERT INTO datapoint(`timestamp`, `value`, `flag`, `idlocation`, `idcriteria`) VALUES('180127-12:34', 44, 1, '서울-동작-상도-2', 'TCC');
INSERT INTO datapoint(`timestamp`, `value`, `flag`, `idlocation`, `idcriteria`) VALUES('180128-12:34', 6.81, 1, '서울-동작-상도-2', 'PHI');
INSERT INTO datapoint(`timestamp`, `value`, `flag`, `idlocation`, `idcriteria`) VALUES('180128-12:34', 0.19, 1, '서울-동작-상도-2', 'TBI');
INSERT INTO datapoint(`timestamp`, `value`, `flag`, `idlocation`, `idcriteria`) VALUES('180128-12:34', 30, 1, '서울-동작-상도-2', 'TCC');
INSERT INTO datapoint(`timestamp`, `value`, `flag`, `idlocation`, `idcriteria`) VALUES('180129-12:34', 7.01, 1, '서울-동작-상도-2', 'PHI');
INSERT INTO datapoint(`timestamp`, `value`, `flag`, `idlocation`, `idcriteria`) VALUES('180129-12:34', 0.29, 1, '서울-동작-상도-2', 'TBI');
INSERT INTO datapoint(`timestamp`, `value`, `flag`, `idlocation`, `idcriteria`) VALUES('180129-12:34', 20, 1, '서울-동작-상도-2', 'TCC');
INSERT INTO datapoint(`timestamp`, `value`, `flag`, `idlocation`, `idcriteria`) VALUES('180130-12:34', 6.81, 1, '서울-동작-상도-2', 'PHI');
INSERT INTO datapoint(`timestamp`, `value`, `flag`, `idlocation`, `idcriteria`) VALUES('180130-12:34', 0.11, 1, '서울-동작-상도-2', 'TBI');
INSERT INTO datapoint(`timestamp`, `value`, `flag`, `idlocation`, `idcriteria`) VALUES('180130-12:34', 3, 1, '서울-동작-상도-2', 'TCC');
INSERT INTO datapoint(`timestamp`, `value`, `flag`, `idlocation`, `idcriteria`) VALUES('180131-12:34', 7.16, 1, '서울-동작-상도-2', 'PHI');
INSERT INTO datapoint(`timestamp`, `value`, `flag`, `idlocation`, `idcriteria`) VALUES('180131-12:34', 0.29, 1, '서울-동작-상도-2', 'TBI');
INSERT INTO datapoint(`timestamp`, `value`, `flag`, `idlocation`, `idcriteria`) VALUES('180131-12:34', 37, 1, '서울-동작-상도-2', 'TCC');
INSERT INTO datapoint(`timestamp`, `value`, `flag`, `idlocation`, `idcriteria`) VALUES('180101-12:34', 7.02, 1, '서울-동작-흑석-3', 'PHI');
INSERT INTO datapoint(`timestamp`, `value`, `flag`, `idlocation`, `idcriteria`) VALUES('180101-12:34', 0.46, 1, '서울-동작-흑석-3', 'TBI');
INSERT INTO datapoint(`timestamp`, `value`, `flag`, `idlocation`, `idcriteria`) VALUES('180101-12:34', 39, 1, '서울-동작-흑석-3', 'TCC');
INSERT INTO datapoint(`timestamp`, `value`, `flag`, `idlocation`, `idcriteria`) VALUES('180102-12:34', 6.97, 1, '서울-동작-흑석-3', 'PHI');
INSERT INTO datapoint(`timestamp`, `value`, `flag`, `idlocation`, `idcriteria`) VALUES('180102-12:34', 0.39, 1, '서울-동작-흑석-3', 'TBI');
INSERT INTO datapoint(`timestamp`, `value`, `flag`, `idlocation`, `idcriteria`) VALUES('180102-12:34', 36, 1, '서울-동작-흑석-3', 'TCC');
INSERT INTO datapoint(`timestamp`, `value`, `flag`, `idlocation`, `idcriteria`) VALUES('180103-12:34', 6.85, 1, '서울-동작-흑석-3', 'PHI');
INSERT INTO datapoint(`timestamp`, `value`, `flag`, `idlocation`, `idcriteria`) VALUES('180103-12:34', 0.03, 1, '서울-동작-흑석-3', 'TBI');
INSERT INTO datapoint(`timestamp`, `value`, `flag`, `idlocation`, `idcriteria`) VALUES('180103-12:34', 15, 1, '서울-동작-흑석-3', 'TCC');
INSERT INTO datapoint(`timestamp`, `value`, `flag`, `idlocation`, `idcriteria`) VALUES('180104-12:34', 6.81, 1, '서울-동작-흑석-3', 'PHI');
INSERT INTO datapoint(`timestamp`, `value`, `flag`, `idlocation`, `idcriteria`) VALUES('180104-12:34', 0.16, 1, '서울-동작-흑석-3', 'TBI');
INSERT INTO datapoint(`timestamp`, `value`, `flag`, `idlocation`, `idcriteria`) VALUES('180104-12:34', 43, 1, '서울-동작-흑석-3', 'TCC');
INSERT INTO datapoint(`timestamp`, `value`, `flag`, `idlocation`, `idcriteria`) VALUES('180105-12:34', 7, 1, '서울-동작-흑석-3', 'PHI');
INSERT INTO datapoint(`timestamp`, `value`, `flag`, `idlocation`, `idcriteria`) VALUES('180105-12:34', 0.31, 1, '서울-동작-흑석-3', 'TBI');
INSERT INTO datapoint(`timestamp`, `value`, `flag`, `idlocation`, `idcriteria`) VALUES('180105-12:34', 12, 1, '서울-동작-흑석-3', 'TCC');
INSERT INTO datapoint(`timestamp`, `value`, `flag`, `idlocation`, `idcriteria`) VALUES('180106-12:34', 7.17, 1, '서울-동작-흑석-3', 'PHI');
INSERT INTO datapoint(`timestamp`, `value`, `flag`, `idlocation`, `idcriteria`) VALUES('180106-12:34', 0.43, 1, '서울-동작-흑석-3', 'TBI');
INSERT INTO datapoint(`timestamp`, `value`, `flag`, `idlocation`, `idcriteria`) VALUES('180106-12:34', 12, 1, '서울-동작-흑석-3', 'TCC');
INSERT INTO datapoint(`timestamp`, `value`, `flag`, `idlocation`, `idcriteria`) VALUES('180107-12:34', 6.86, 1, '서울-동작-흑석-3', 'PHI');
INSERT INTO datapoint(`timestamp`, `value`, `flag`, `idlocation`, `idcriteria`) VALUES('180107-12:34', 0.27, 1, '서울-동작-흑석-3', 'TBI');
INSERT INTO datapoint(`timestamp`, `value`, `flag`, `idlocation`, `idcriteria`) VALUES('180107-12:34', 18, 1, '서울-동작-흑석-3', 'TCC');
INSERT INTO datapoint(`timestamp`, `value`, `flag`, `idlocation`, `idcriteria`) VALUES('180108-12:34', 6.89, 1, '서울-동작-흑석-3', 'PHI');
INSERT INTO datapoint(`timestamp`, `value`, `flag`, `idlocation`, `idcriteria`) VALUES('180108-12:34', 0.27, 1, '서울-동작-흑석-3', 'TBI');
INSERT INTO datapoint(`timestamp`, `value`, `flag`, `idlocation`, `idcriteria`) VALUES('180108-12:34', 24, 1, '서울-동작-흑석-3', 'TCC');
INSERT INTO datapoint(`timestamp`, `value`, `flag`, `idlocation`, `idcriteria`) VALUES('180109-12:34', 6.95, 1, '서울-동작-흑석-3', 'PHI');
INSERT INTO datapoint(`timestamp`, `value`, `flag`, `idlocation`, `idcriteria`) VALUES('180109-12:34', 0.37, 1, '서울-동작-흑석-3', 'TBI');
INSERT INTO datapoint(`timestamp`, `value`, `flag`, `idlocation`, `idcriteria`) VALUES('180109-12:34', 7, 1, '서울-동작-흑석-3', 'TCC');
INSERT INTO datapoint(`timestamp`, `value`, `flag`, `idlocation`, `idcriteria`) VALUES('180110-12:34', 7.03, 1, '서울-동작-흑석-3', 'PHI');
INSERT INTO datapoint(`timestamp`, `value`, `flag`, `idlocation`, `idcriteria`) VALUES('180110-12:34', 0.12, 1, '서울-동작-흑석-3', 'TBI');
INSERT INTO datapoint(`timestamp`, `value`, `flag`, `idlocation`, `idcriteria`) VALUES('180110-12:34', 30, 1, '서울-동작-흑석-3', 'TCC');
INSERT INTO datapoint(`timestamp`, `value`, `flag`, `idlocation`, `idcriteria`) VALUES('180111-12:34', 7.21, 1, '서울-동작-흑석-3', 'PHI');
INSERT INTO datapoint(`timestamp`, `value`, `flag`, `idlocation`, `idcriteria`) VALUES('180111-12:34', 0.46, 1, '서울-동작-흑석-3', 'TBI');
INSERT INTO datapoint(`timestamp`, `value`, `flag`, `idlocation`, `idcriteria`) VALUES('180111-12:34', 1, 1, '서울-동작-흑석-3', 'TCC');
INSERT INTO datapoint(`timestamp`, `value`, `flag`, `idlocation`, `idcriteria`) VALUES('180112-12:34', 6.75, 1, '서울-동작-흑석-3', 'PHI');
INSERT INTO datapoint(`timestamp`, `value`, `flag`, `idlocation`, `idcriteria`) VALUES('180112-12:34', 0.27, 1, '서울-동작-흑석-3', 'TBI');
INSERT INTO datapoint(`timestamp`, `value`, `flag`, `idlocation`, `idcriteria`) VALUES('180112-12:34', 5, 1, '서울-동작-흑석-3', 'TCC');
INSERT INTO datapoint(`timestamp`, `value`, `flag`, `idlocation`, `idcriteria`) VALUES('180113-12:34', 7.25, 1, '서울-동작-흑석-3', 'PHI');
INSERT INTO datapoint(`timestamp`, `value`, `flag`, `idlocation`, `idcriteria`) VALUES('180113-12:34', 0.33, 1, '서울-동작-흑석-3', 'TBI');
INSERT INTO datapoint(`timestamp`, `value`, `flag`, `idlocation`, `idcriteria`) VALUES('180113-12:34', 9, 1, '서울-동작-흑석-3', 'TCC');
INSERT INTO datapoint(`timestamp`, `value`, `flag`, `idlocation`, `idcriteria`) VALUES('180114-12:34', 7.09, 1, '서울-동작-흑석-3', 'PHI');
INSERT INTO datapoint(`timestamp`, `value`, `flag`, `idlocation`, `idcriteria`) VALUES('180114-12:34', 0.12, 1, '서울-동작-흑석-3', 'TBI');
INSERT INTO datapoint(`timestamp`, `value`, `flag`, `idlocation`, `idcriteria`) VALUES('180114-12:34', 33, 1, '서울-동작-흑석-3', 'TCC');
INSERT INTO datapoint(`timestamp`, `value`, `flag`, `idlocation`, `idcriteria`) VALUES('180114-12:34', 6.85, 1, '서울-동작-흑석-3', 'PHI');
INSERT INTO datapoint(`timestamp`, `value`, `flag`, `idlocation`, `idcriteria`) VALUES('180114-12:34', 0.35, 1, '서울-동작-흑석-3', 'TBI');
INSERT INTO datapoint(`timestamp`, `value`, `flag`, `idlocation`, `idcriteria`) VALUES('180114-12:34', 39, 1, '서울-동작-흑석-3', 'TCC');
INSERT INTO datapoint(`timestamp`, `value`, `flag`, `idlocation`, `idcriteria`) VALUES('180115-12:34', 7.08, 1, '서울-동작-흑석-3', 'PHI');
INSERT INTO datapoint(`timestamp`, `value`, `flag`, `idlocation`, `idcriteria`) VALUES('180115-12:34', 0.01, 1, '서울-동작-흑석-3', 'TBI');
INSERT INTO datapoint(`timestamp`, `value`, `flag`, `idlocation`, `idcriteria`) VALUES('180115-12:34', 12, 1, '서울-동작-흑석-3', 'TCC');
INSERT INTO datapoint(`timestamp`, `value`, `flag`, `idlocation`, `idcriteria`) VALUES('180116-12:34', 7.11, 1, '서울-동작-흑석-3', 'PHI');
INSERT INTO datapoint(`timestamp`, `value`, `flag`, `idlocation`, `idcriteria`) VALUES('180116-12:34', 0, 1, '서울-동작-흑석-3', 'TBI');
INSERT INTO datapoint(`timestamp`, `value`, `flag`, `idlocation`, `idcriteria`) VALUES('180116-12:34', 41, 1, '서울-동작-흑석-3', 'TCC');
INSERT INTO datapoint(`timestamp`, `value`, `flag`, `idlocation`, `idcriteria`) VALUES('180117-12:34', 7.01, 1, '서울-동작-흑석-3', 'PHI');
INSERT INTO datapoint(`timestamp`, `value`, `flag`, `idlocation`, `idcriteria`) VALUES('180117-12:34', 0.34, 1, '서울-동작-흑석-3', 'TBI');
INSERT INTO datapoint(`timestamp`, `value`, `flag`, `idlocation`, `idcriteria`) VALUES('180117-12:34', 48, 1, '서울-동작-흑석-3', 'TCC');
INSERT INTO datapoint(`timestamp`, `value`, `flag`, `idlocation`, `idcriteria`) VALUES('180118-12:34', 6.87, 1, '서울-동작-흑석-3', 'PHI');
INSERT INTO datapoint(`timestamp`, `value`, `flag`, `idlocation`, `idcriteria`) VALUES('180118-12:34', 0.31, 1, '서울-동작-흑석-3', 'TBI');
INSERT INTO datapoint(`timestamp`, `value`, `flag`, `idlocation`, `idcriteria`) VALUES('180118-12:34', 2, 1, '서울-동작-흑석-3', 'TCC');
INSERT INTO datapoint(`timestamp`, `value`, `flag`, `idlocation`, `idcriteria`) VALUES('180119-12:34', 7.2, 1, '서울-동작-흑석-3', 'PHI');
INSERT INTO datapoint(`timestamp`, `value`, `flag`, `idlocation`, `idcriteria`) VALUES('180119-12:34', 0.06, 1, '서울-동작-흑석-3', 'TBI');
INSERT INTO datapoint(`timestamp`, `value`, `flag`, `idlocation`, `idcriteria`) VALUES('180119-12:34', 42, 1, '서울-동작-흑석-3', 'TCC');
INSERT INTO datapoint(`timestamp`, `value`, `flag`, `idlocation`, `idcriteria`) VALUES('180120-12:34', 6.76, 1, '서울-동작-흑석-3', 'PHI');
INSERT INTO datapoint(`timestamp`, `value`, `flag`, `idlocation`, `idcriteria`) VALUES('180120-12:34', 0.23, 1, '서울-동작-흑석-3', 'TBI');
INSERT INTO datapoint(`timestamp`, `value`, `flag`, `idlocation`, `idcriteria`) VALUES('180120-12:34', 21, 1, '서울-동작-흑석-3', 'TCC');
INSERT INTO datapoint(`timestamp`, `value`, `flag`, `idlocation`, `idcriteria`) VALUES('180121-12:34', 7.13, 1, '서울-동작-흑석-3', 'PHI');
INSERT INTO datapoint(`timestamp`, `value`, `flag`, `idlocation`, `idcriteria`) VALUES('180121-12:34', 0.27, 1, '서울-동작-흑석-3', 'TBI');
INSERT INTO datapoint(`timestamp`, `value`, `flag`, `idlocation`, `idcriteria`) VALUES('180121-12:34', 42, 1, '서울-동작-흑석-3', 'TCC');
INSERT INTO datapoint(`timestamp`, `value`, `flag`, `idlocation`, `idcriteria`) VALUES('180122-12:34', 7.12, 1, '서울-동작-흑석-3', 'PHI');
INSERT INTO datapoint(`timestamp`, `value`, `flag`, `idlocation`, `idcriteria`) VALUES('180122-12:34', 0.25, 1, '서울-동작-흑석-3', 'TBI');
INSERT INTO datapoint(`timestamp`, `value`, `flag`, `idlocation`, `idcriteria`) VALUES('180122-12:34', 44, 1, '서울-동작-흑석-3', 'TCC');
INSERT INTO datapoint(`timestamp`, `value`, `flag`, `idlocation`, `idcriteria`) VALUES('180123-12:34', 6.76, 1, '서울-동작-흑석-3', 'PHI');
INSERT INTO datapoint(`timestamp`, `value`, `flag`, `idlocation`, `idcriteria`) VALUES('180123-12:34', 0.4, 1, '서울-동작-흑석-3', 'TBI');
INSERT INTO datapoint(`timestamp`, `value`, `flag`, `idlocation`, `idcriteria`) VALUES('180123-12:34', 5, 1, '서울-동작-흑석-3', 'TCC');
INSERT INTO datapoint(`timestamp`, `value`, `flag`, `idlocation`, `idcriteria`) VALUES('180124-12:34', 6.93, 1, '서울-동작-흑석-3', 'PHI');
INSERT INTO datapoint(`timestamp`, `value`, `flag`, `idlocation`, `idcriteria`) VALUES('180124-12:34', 0.15, 1, '서울-동작-흑석-3', 'TBI');
INSERT INTO datapoint(`timestamp`, `value`, `flag`, `idlocation`, `idcriteria`) VALUES('180124-12:34', 22, 1, '서울-동작-흑석-3', 'TCC');
INSERT INTO datapoint(`timestamp`, `value`, `flag`, `idlocation`, `idcriteria`) VALUES('180125-12:34', 6.8, 1, '서울-동작-흑석-3', 'PHI');
INSERT INTO datapoint(`timestamp`, `value`, `flag`, `idlocation`, `idcriteria`) VALUES('180125-12:34', 0.44, 1, '서울-동작-흑석-3', 'TBI');
INSERT INTO datapoint(`timestamp`, `value`, `flag`, `idlocation`, `idcriteria`) VALUES('180125-12:34', 48, 1, '서울-동작-흑석-3', 'TCC');
INSERT INTO datapoint(`timestamp`, `value`, `flag`, `idlocation`, `idcriteria`) VALUES('180126-12:34', 7.22, 1, '서울-동작-흑석-3', 'PHI');
INSERT INTO datapoint(`timestamp`, `value`, `flag`, `idlocation`, `idcriteria`) VALUES('180126-12:34', 0.06, 1, '서울-동작-흑석-3', 'TBI');
INSERT INTO datapoint(`timestamp`, `value`, `flag`, `idlocation`, `idcriteria`) VALUES('180126-12:34', 28, 1, '서울-동작-흑석-3', 'TCC');
INSERT INTO datapoint(`timestamp`, `value`, `flag`, `idlocation`, `idcriteria`) VALUES('180127-12:34', 7.17, 1, '서울-동작-흑석-3', 'PHI');
INSERT INTO datapoint(`timestamp`, `value`, `flag`, `idlocation`, `idcriteria`) VALUES('180127-12:34', 0.43, 1, '서울-동작-흑석-3', 'TBI');
INSERT INTO datapoint(`timestamp`, `value`, `flag`, `idlocation`, `idcriteria`) VALUES('180127-12:34', 35, 1, '서울-동작-흑석-3', 'TCC');
INSERT INTO datapoint(`timestamp`, `value`, `flag`, `idlocation`, `idcriteria`) VALUES('180128-12:34', 6.87, 1, '서울-동작-흑석-3', 'PHI');
INSERT INTO datapoint(`timestamp`, `value`, `flag`, `idlocation`, `idcriteria`) VALUES('180128-12:34', 0.35, 1, '서울-동작-흑석-3', 'TBI');
INSERT INTO datapoint(`timestamp`, `value`, `flag`, `idlocation`, `idcriteria`) VALUES('180128-12:34', 46, 1, '서울-동작-흑석-3', 'TCC');
INSERT INTO datapoint(`timestamp`, `value`, `flag`, `idlocation`, `idcriteria`) VALUES('180129-12:34', 6.98, 1, '서울-동작-흑석-3', 'PHI');
INSERT INTO datapoint(`timestamp`, `value`, `flag`, `idlocation`, `idcriteria`) VALUES('180129-12:34', 0.31, 1, '서울-동작-흑석-3', 'TBI');
INSERT INTO datapoint(`timestamp`, `value`, `flag`, `idlocation`, `idcriteria`) VALUES('180129-12:34', 42, 1, '서울-동작-흑석-3', 'TCC');
INSERT INTO datapoint(`timestamp`, `value`, `flag`, `idlocation`, `idcriteria`) VALUES('180130-12:34', 6.89, 1, '서울-동작-흑석-3', 'PHI');
INSERT INTO datapoint(`timestamp`, `value`, `flag`, `idlocation`, `idcriteria`) VALUES('180130-12:34', 0.11, 1, '서울-동작-흑석-3', 'TBI');
INSERT INTO datapoint(`timestamp`, `value`, `flag`, `idlocation`, `idcriteria`) VALUES('180130-12:34', 46, 1, '서울-동작-흑석-3', 'TCC');
INSERT INTO datapoint(`timestamp`, `value`, `flag`, `idlocation`, `idcriteria`) VALUES('180131-12:34', 7.18, 1, '서울-동작-흑석-3', 'PHI');
INSERT INTO datapoint(`timestamp`, `value`, `flag`, `idlocation`, `idcriteria`) VALUES('180131-12:34', 0.1, 1, '서울-동작-흑석-3', 'TBI');
INSERT INTO datapoint(`timestamp`, `value`, `flag`, `idlocation`, `idcriteria`) VALUES('180131-12:34', 28, 1, '서울-동작-흑석-3', 'TCC');
INSERT INTO datapoint(`timestamp`, `value`, `flag`, `idlocation`, `idcriteria`) VALUES('180101-12:34', 6.91, 1, '서울-동작-흑석-4', 'PHI');
INSERT INTO datapoint(`timestamp`, `value`, `flag`, `idlocation`, `idcriteria`) VALUES('180101-12:34', 0.11, 1, '서울-동작-흑석-4', 'TBI');
INSERT INTO datapoint(`timestamp`, `value`, `flag`, `idlocation`, `idcriteria`) VALUES('180101-12:34', 21, 1, '서울-동작-흑석-4', 'TCC');
INSERT INTO datapoint(`timestamp`, `value`, `flag`, `idlocation`, `idcriteria`) VALUES('180102-12:34', 7.11, 1, '서울-동작-흑석-4', 'PHI');
INSERT INTO datapoint(`timestamp`, `value`, `flag`, `idlocation`, `idcriteria`) VALUES('180102-12:34', 0.03, 1, '서울-동작-흑석-4', 'TBI');
INSERT INTO datapoint(`timestamp`, `value`, `flag`, `idlocation`, `idcriteria`) VALUES('180102-12:34', 45, 1, '서울-동작-흑석-4', 'TCC');
INSERT INTO datapoint(`timestamp`, `value`, `flag`, `idlocation`, `idcriteria`) VALUES('180103-12:34', 7.16, 1, '서울-동작-흑석-4', 'PHI');
INSERT INTO datapoint(`timestamp`, `value`, `flag`, `idlocation`, `idcriteria`) VALUES('180103-12:34', 0.07, 1, '서울-동작-흑석-4', 'TBI');
INSERT INTO datapoint(`timestamp`, `value`, `flag`, `idlocation`, `idcriteria`) VALUES('180103-12:34', 11, 1, '서울-동작-흑석-4', 'TCC');
INSERT INTO datapoint(`timestamp`, `value`, `flag`, `idlocation`, `idcriteria`) VALUES('180104-12:34', 7.17, 1, '서울-동작-흑석-4', 'PHI');
INSERT INTO datapoint(`timestamp`, `value`, `flag`, `idlocation`, `idcriteria`) VALUES('180104-12:34', 0.22, 1, '서울-동작-흑석-4', 'TBI');
INSERT INTO datapoint(`timestamp`, `value`, `flag`, `idlocation`, `idcriteria`) VALUES('180104-12:34', 22, 1, '서울-동작-흑석-4', 'TCC');
INSERT INTO datapoint(`timestamp`, `value`, `flag`, `idlocation`, `idcriteria`) VALUES('180105-12:34', 6.78, 1, '서울-동작-흑석-4', 'PHI');
INSERT INTO datapoint(`timestamp`, `value`, `flag`, `idlocation`, `idcriteria`) VALUES('180105-12:34', 0.31, 1, '서울-동작-흑석-4', 'TBI');
INSERT INTO datapoint(`timestamp`, `value`, `flag`, `idlocation`, `idcriteria`) VALUES('180105-12:34', 19, 1, '서울-동작-흑석-4', 'TCC');
INSERT INTO datapoint(`timestamp`, `value`, `flag`, `idlocation`, `idcriteria`) VALUES('180106-12:34', 7.16, 1, '서울-동작-흑석-4', 'PHI');
INSERT INTO datapoint(`timestamp`, `value`, `flag`, `idlocation`, `idcriteria`) VALUES('180106-12:34', 0.36, 1, '서울-동작-흑석-4', 'TBI');
INSERT INTO datapoint(`timestamp`, `value`, `flag`, `idlocation`, `idcriteria`) VALUES('180106-12:34', 34, 1, '서울-동작-흑석-4', 'TCC');
INSERT INTO datapoint(`timestamp`, `value`, `flag`, `idlocation`, `idcriteria`) VALUES('180107-12:34', 7.09, 1, '서울-동작-흑석-4', 'PHI');
INSERT INTO datapoint(`timestamp`, `value`, `flag`, `idlocation`, `idcriteria`) VALUES('180107-12:34', 0.23, 1, '서울-동작-흑석-4', 'TBI');
INSERT INTO datapoint(`timestamp`, `value`, `flag`, `idlocation`, `idcriteria`) VALUES('180107-12:34', 22, 1, '서울-동작-흑석-4', 'TCC');
INSERT INTO datapoint(`timestamp`, `value`, `flag`, `idlocation`, `idcriteria`) VALUES('180108-12:34', 7.11, 1, '서울-동작-흑석-4', 'PHI');
INSERT INTO datapoint(`timestamp`, `value`, `flag`, `idlocation`, `idcriteria`) VALUES('180108-12:34', 0.18, 1, '서울-동작-흑석-4', 'TBI');
INSERT INTO datapoint(`timestamp`, `value`, `flag`, `idlocation`, `idcriteria`) VALUES('180108-12:34', 0, 1, '서울-동작-흑석-4', 'TCC');
INSERT INTO datapoint(`timestamp`, `value`, `flag`, `idlocation`, `idcriteria`) VALUES('180109-12:34', 7.18, 1, '서울-동작-흑석-4', 'PHI');
INSERT INTO datapoint(`timestamp`, `value`, `flag`, `idlocation`, `idcriteria`) VALUES('180109-12:34', 0.43, 1, '서울-동작-흑석-4', 'TBI');
INSERT INTO datapoint(`timestamp`, `value`, `flag`, `idlocation`, `idcriteria`) VALUES('180109-12:34', 8, 1, '서울-동작-흑석-4', 'TCC');
INSERT INTO datapoint(`timestamp`, `value`, `flag`, `idlocation`, `idcriteria`) VALUES('180110-12:34', 6.95, 1, '서울-동작-흑석-4', 'PHI');
INSERT INTO datapoint(`timestamp`, `value`, `flag`, `idlocation`, `idcriteria`) VALUES('180110-12:34', 0.24, 1, '서울-동작-흑석-4', 'TBI');
INSERT INTO datapoint(`timestamp`, `value`, `flag`, `idlocation`, `idcriteria`) VALUES('180110-12:34', 23, 1, '서울-동작-흑석-4', 'TCC');
INSERT INTO datapoint(`timestamp`, `value`, `flag`, `idlocation`, `idcriteria`) VALUES('180111-12:34', 7.19, 1, '서울-동작-흑석-4', 'PHI');
INSERT INTO datapoint(`timestamp`, `value`, `flag`, `idlocation`, `idcriteria`) VALUES('180111-12:34', 0.32, 1, '서울-동작-흑석-4', 'TBI');
INSERT INTO datapoint(`timestamp`, `value`, `flag`, `idlocation`, `idcriteria`) VALUES('180111-12:34', 42, 1, '서울-동작-흑석-4', 'TCC');
INSERT INTO datapoint(`timestamp`, `value`, `flag`, `idlocation`, `idcriteria`) VALUES('180112-12:34', 6.79, 1, '서울-동작-흑석-4', 'PHI');
INSERT INTO datapoint(`timestamp`, `value`, `flag`, `idlocation`, `idcriteria`) VALUES('180112-12:34', 0.42, 1, '서울-동작-흑석-4', 'TBI');
INSERT INTO datapoint(`timestamp`, `value`, `flag`, `idlocation`, `idcriteria`) VALUES('180112-12:34', 42, 1, '서울-동작-흑석-4', 'TCC');
INSERT INTO datapoint(`timestamp`, `value`, `flag`, `idlocation`, `idcriteria`) VALUES('180113-12:34', 7.05, 1, '서울-동작-흑석-4', 'PHI');
INSERT INTO datapoint(`timestamp`, `value`, `flag`, `idlocation`, `idcriteria`) VALUES('180113-12:34', 0.32, 1, '서울-동작-흑석-4', 'TBI');
INSERT INTO datapoint(`timestamp`, `value`, `flag`, `idlocation`, `idcriteria`) VALUES('180113-12:34', 40, 1, '서울-동작-흑석-4', 'TCC');
INSERT INTO datapoint(`timestamp`, `value`, `flag`, `idlocation`, `idcriteria`) VALUES('180114-12:34', 7.23, 1, '서울-동작-흑석-4', 'PHI');
INSERT INTO datapoint(`timestamp`, `value`, `flag`, `idlocation`, `idcriteria`) VALUES('180114-12:34', 0.27, 1, '서울-동작-흑석-4', 'TBI');
INSERT INTO datapoint(`timestamp`, `value`, `flag`, `idlocation`, `idcriteria`) VALUES('180114-12:34', 8, 1, '서울-동작-흑석-4', 'TCC');
INSERT INTO datapoint(`timestamp`, `value`, `flag`, `idlocation`, `idcriteria`) VALUES('180114-12:34', 7.2, 1, '서울-동작-흑석-4', 'PHI');
INSERT INTO datapoint(`timestamp`, `value`, `flag`, `idlocation`, `idcriteria`) VALUES('180114-12:34', 0.27, 1, '서울-동작-흑석-4', 'TBI');
INSERT INTO datapoint(`timestamp`, `value`, `flag`, `idlocation`, `idcriteria`) VALUES('180114-12:34', 13, 1, '서울-동작-흑석-4', 'TCC');
INSERT INTO datapoint(`timestamp`, `value`, `flag`, `idlocation`, `idcriteria`) VALUES('180115-12:34', 7.12, 1, '서울-동작-흑석-4', 'PHI');
INSERT INTO datapoint(`timestamp`, `value`, `flag`, `idlocation`, `idcriteria`) VALUES('180115-12:34', 0.46, 1, '서울-동작-흑석-4', 'TBI');
INSERT INTO datapoint(`timestamp`, `value`, `flag`, `idlocation`, `idcriteria`) VALUES('180115-12:34', 41, 1, '서울-동작-흑석-4', 'TCC');
INSERT INTO datapoint(`timestamp`, `value`, `flag`, `idlocation`, `idcriteria`) VALUES('180116-12:34', 7.13, 1, '서울-동작-흑석-4', 'PHI');
INSERT INTO datapoint(`timestamp`, `value`, `flag`, `idlocation`, `idcriteria`) VALUES('180116-12:34', 0.03, 1, '서울-동작-흑석-4', 'TBI');
INSERT INTO datapoint(`timestamp`, `value`, `flag`, `idlocation`, `idcriteria`) VALUES('180116-12:34', 9, 1, '서울-동작-흑석-4', 'TCC');
INSERT INTO datapoint(`timestamp`, `value`, `flag`, `idlocation`, `idcriteria`) VALUES('180117-12:34', 6.87, 1, '서울-동작-흑석-4', 'PHI');
INSERT INTO datapoint(`timestamp`, `value`, `flag`, `idlocation`, `idcriteria`) VALUES('180117-12:34', 0.49, 1, '서울-동작-흑석-4', 'TBI');
INSERT INTO datapoint(`timestamp`, `value`, `flag`, `idlocation`, `idcriteria`) VALUES('180117-12:34', 40, 1, '서울-동작-흑석-4', 'TCC');
INSERT INTO datapoint(`timestamp`, `value`, `flag`, `idlocation`, `idcriteria`) VALUES('180118-12:34', 7.14, 1, '서울-동작-흑석-4', 'PHI');
INSERT INTO datapoint(`timestamp`, `value`, `flag`, `idlocation`, `idcriteria`) VALUES('180118-12:34', 0.05, 1, '서울-동작-흑석-4', 'TBI');
INSERT INTO datapoint(`timestamp`, `value`, `flag`, `idlocation`, `idcriteria`) VALUES('180118-12:34', 46, 1, '서울-동작-흑석-4', 'TCC');
INSERT INTO datapoint(`timestamp`, `value`, `flag`, `idlocation`, `idcriteria`) VALUES('180119-12:34', 7.24, 1, '서울-동작-흑석-4', 'PHI');
INSERT INTO datapoint(`timestamp`, `value`, `flag`, `idlocation`, `idcriteria`) VALUES('180119-12:34', 0.21, 1, '서울-동작-흑석-4', 'TBI');
INSERT INTO datapoint(`timestamp`, `value`, `flag`, `idlocation`, `idcriteria`) VALUES('180119-12:34', 17, 1, '서울-동작-흑석-4', 'TCC');
INSERT INTO datapoint(`timestamp`, `value`, `flag`, `idlocation`, `idcriteria`) VALUES('180120-12:34', 7.05, 1, '서울-동작-흑석-4', 'PHI');
INSERT INTO datapoint(`timestamp`, `value`, `flag`, `idlocation`, `idcriteria`) VALUES('180120-12:34', 0.2, 1, '서울-동작-흑석-4', 'TBI');
INSERT INTO datapoint(`timestamp`, `value`, `flag`, `idlocation`, `idcriteria`) VALUES('180120-12:34', 33, 1, '서울-동작-흑석-4', 'TCC');
INSERT INTO datapoint(`timestamp`, `value`, `flag`, `idlocation`, `idcriteria`) VALUES('180121-12:34', 6.79, 1, '서울-동작-흑석-4', 'PHI');
INSERT INTO datapoint(`timestamp`, `value`, `flag`, `idlocation`, `idcriteria`) VALUES('180121-12:34', 0.1, 1, '서울-동작-흑석-4', 'TBI');
INSERT INTO datapoint(`timestamp`, `value`, `flag`, `idlocation`, `idcriteria`) VALUES('180121-12:34', 34, 1, '서울-동작-흑석-4', 'TCC');
INSERT INTO datapoint(`timestamp`, `value`, `flag`, `idlocation`, `idcriteria`) VALUES('180122-12:34', 7.01, 1, '서울-동작-흑석-4', 'PHI');
INSERT INTO datapoint(`timestamp`, `value`, `flag`, `idlocation`, `idcriteria`) VALUES('180122-12:34', 0.07, 1, '서울-동작-흑석-4', 'TBI');
INSERT INTO datapoint(`timestamp`, `value`, `flag`, `idlocation`, `idcriteria`) VALUES('180122-12:34', 28, 1, '서울-동작-흑석-4', 'TCC');
INSERT INTO datapoint(`timestamp`, `value`, `flag`, `idlocation`, `idcriteria`) VALUES('180123-12:34', 7.16, 1, '서울-동작-흑석-4', 'PHI');
INSERT INTO datapoint(`timestamp`, `value`, `flag`, `idlocation`, `idcriteria`) VALUES('180123-12:34', 0.21, 1, '서울-동작-흑석-4', 'TBI');
INSERT INTO datapoint(`timestamp`, `value`, `flag`, `idlocation`, `idcriteria`) VALUES('180123-12:34', 30, 1, '서울-동작-흑석-4', 'TCC');
INSERT INTO datapoint(`timestamp`, `value`, `flag`, `idlocation`, `idcriteria`) VALUES('180124-12:34', 7, 1, '서울-동작-흑석-4', 'PHI');
INSERT INTO datapoint(`timestamp`, `value`, `flag`, `idlocation`, `idcriteria`) VALUES('180124-12:34', 0.28, 1, '서울-동작-흑석-4', 'TBI');
INSERT INTO datapoint(`timestamp`, `value`, `flag`, `idlocation`, `idcriteria`) VALUES('180124-12:34', 39, 1, '서울-동작-흑석-4', 'TCC');
INSERT INTO datapoint(`timestamp`, `value`, `flag`, `idlocation`, `idcriteria`) VALUES('180125-12:34', 7.2, 1, '서울-동작-흑석-4', 'PHI');
INSERT INTO datapoint(`timestamp`, `value`, `flag`, `idlocation`, `idcriteria`) VALUES('180125-12:34', 0.06, 1, '서울-동작-흑석-4', 'TBI');
INSERT INTO datapoint(`timestamp`, `value`, `flag`, `idlocation`, `idcriteria`) VALUES('180125-12:34', 2, 1, '서울-동작-흑석-4', 'TCC');
INSERT INTO datapoint(`timestamp`, `value`, `flag`, `idlocation`, `idcriteria`) VALUES('180126-12:34', 7.19, 1, '서울-동작-흑석-4', 'PHI');
INSERT INTO datapoint(`timestamp`, `value`, `flag`, `idlocation`, `idcriteria`) VALUES('180126-12:34', 0.18, 1, '서울-동작-흑석-4', 'TBI');
INSERT INTO datapoint(`timestamp`, `value`, `flag`, `idlocation`, `idcriteria`) VALUES('180126-12:34', 0, 1, '서울-동작-흑석-4', 'TCC');
INSERT INTO datapoint(`timestamp`, `value`, `flag`, `idlocation`, `idcriteria`) VALUES('180127-12:34', 6.94, 1, '서울-동작-흑석-4', 'PHI');
INSERT INTO datapoint(`timestamp`, `value`, `flag`, `idlocation`, `idcriteria`) VALUES('180127-12:34', 0.4, 1, '서울-동작-흑석-4', 'TBI');
INSERT INTO datapoint(`timestamp`, `value`, `flag`, `idlocation`, `idcriteria`) VALUES('180127-12:34', 44, 1, '서울-동작-흑석-4', 'TCC');
INSERT INTO datapoint(`timestamp`, `value`, `flag`, `idlocation`, `idcriteria`) VALUES('180128-12:34', 7.15, 1, '서울-동작-흑석-4', 'PHI');
INSERT INTO datapoint(`timestamp`, `value`, `flag`, `idlocation`, `idcriteria`) VALUES('180128-12:34', 0.11, 1, '서울-동작-흑석-4', 'TBI');
INSERT INTO datapoint(`timestamp`, `value`, `flag`, `idlocation`, `idcriteria`) VALUES('180128-12:34', 35, 1, '서울-동작-흑석-4', 'TCC');
INSERT INTO datapoint(`timestamp`, `value`, `flag`, `idlocation`, `idcriteria`) VALUES('180129-12:34', 7.06, 1, '서울-동작-흑석-4', 'PHI');
INSERT INTO datapoint(`timestamp`, `value`, `flag`, `idlocation`, `idcriteria`) VALUES('180129-12:34', 0.28, 1, '서울-동작-흑석-4', 'TBI');
INSERT INTO datapoint(`timestamp`, `value`, `flag`, `idlocation`, `idcriteria`) VALUES('180129-12:34', 48, 1, '서울-동작-흑석-4', 'TCC');
INSERT INTO datapoint(`timestamp`, `value`, `flag`, `idlocation`, `idcriteria`) VALUES('180130-12:34', 7.21, 1, '서울-동작-흑석-4', 'PHI');
INSERT INTO datapoint(`timestamp`, `value`, `flag`, `idlocation`, `idcriteria`) VALUES('180130-12:34', 0.13, 1, '서울-동작-흑석-4', 'TBI');
INSERT INTO datapoint(`timestamp`, `value`, `flag`, `idlocation`, `idcriteria`) VALUES('180130-12:34', 10, 1, '서울-동작-흑석-4', 'TCC');
INSERT INTO datapoint(`timestamp`, `value`, `flag`, `idlocation`, `idcriteria`) VALUES('180131-12:34', 7.04, 1, '서울-동작-흑석-4', 'PHI');
INSERT INTO datapoint(`timestamp`, `value`, `flag`, `idlocation`, `idcriteria`) VALUES('180131-12:34', 0.44, 1, '서울-동작-흑석-4', 'TBI');
INSERT INTO datapoint(`timestamp`, `value`, `flag`, `idlocation`, `idcriteria`) VALUES('180131-12:34', 47, 1, '서울-동작-흑석-4', 'TCC');
INSERT INTO datapoint(`timestamp`, `value`, `flag`, `idlocation`, `idcriteria`) VALUES('180101-12:34', 7.24, 1, '인천-남동-구월-1', 'PHI');
INSERT INTO datapoint(`timestamp`, `value`, `flag`, `idlocation`, `idcriteria`) VALUES('180101-12:34', 0.05, 1, '인천-남동-구월-1', 'TBI');
INSERT INTO datapoint(`timestamp`, `value`, `flag`, `idlocation`, `idcriteria`) VALUES('180101-12:34', 35, 1, '인천-남동-구월-1', 'TCC');
INSERT INTO datapoint(`timestamp`, `value`, `flag`, `idlocation`, `idcriteria`) VALUES('180102-12:34', 7.17, 1, '인천-남동-구월-1', 'PHI');
INSERT INTO datapoint(`timestamp`, `value`, `flag`, `idlocation`, `idcriteria`) VALUES('180102-12:34', 0.02, 1, '인천-남동-구월-1', 'TBI');
INSERT INTO datapoint(`timestamp`, `value`, `flag`, `idlocation`, `idcriteria`) VALUES('180102-12:34', 16, 1, '인천-남동-구월-1', 'TCC');
INSERT INTO datapoint(`timestamp`, `value`, `flag`, `idlocation`, `idcriteria`) VALUES('180103-12:34', 6.91, 1, '인천-남동-구월-1', 'PHI');
INSERT INTO datapoint(`timestamp`, `value`, `flag`, `idlocation`, `idcriteria`) VALUES('180103-12:34', 0.42, 1, '인천-남동-구월-1', 'TBI');
INSERT INTO datapoint(`timestamp`, `value`, `flag`, `idlocation`, `idcriteria`) VALUES('180103-12:34', 10, 1, '인천-남동-구월-1', 'TCC');
INSERT INTO datapoint(`timestamp`, `value`, `flag`, `idlocation`, `idcriteria`) VALUES('180104-12:34', 7.07, 1, '인천-남동-구월-1', 'PHI');
INSERT INTO datapoint(`timestamp`, `value`, `flag`, `idlocation`, `idcriteria`) VALUES('180104-12:34', 0.24, 1, '인천-남동-구월-1', 'TBI');
INSERT INTO datapoint(`timestamp`, `value`, `flag`, `idlocation`, `idcriteria`) VALUES('180104-12:34', 34, 1, '인천-남동-구월-1', 'TCC');
INSERT INTO datapoint(`timestamp`, `value`, `flag`, `idlocation`, `idcriteria`) VALUES('180105-12:34', 7.01, 1, '인천-남동-구월-1', 'PHI');
INSERT INTO datapoint(`timestamp`, `value`, `flag`, `idlocation`, `idcriteria`) VALUES('180105-12:34', 0.24, 1, '인천-남동-구월-1', 'TBI');
INSERT INTO datapoint(`timestamp`, `value`, `flag`, `idlocation`, `idcriteria`) VALUES('180105-12:34', 32, 1, '인천-남동-구월-1', 'TCC');
INSERT INTO datapoint(`timestamp`, `value`, `flag`, `idlocation`, `idcriteria`) VALUES('180106-12:34', 6.86, 1, '인천-남동-구월-1', 'PHI');
INSERT INTO datapoint(`timestamp`, `value`, `flag`, `idlocation`, `idcriteria`) VALUES('180106-12:34', 0.5, 1, '인천-남동-구월-1', 'TBI');
INSERT INTO datapoint(`timestamp`, `value`, `flag`, `idlocation`, `idcriteria`) VALUES('180106-12:34', 9, 1, '인천-남동-구월-1', 'TCC');
INSERT INTO datapoint(`timestamp`, `value`, `flag`, `idlocation`, `idcriteria`) VALUES('180107-12:34', 7.01, 1, '인천-남동-구월-1', 'PHI');
INSERT INTO datapoint(`timestamp`, `value`, `flag`, `idlocation`, `idcriteria`) VALUES('180107-12:34', 0.44, 1, '인천-남동-구월-1', 'TBI');
INSERT INTO datapoint(`timestamp`, `value`, `flag`, `idlocation`, `idcriteria`) VALUES('180107-12:34', 47, 1, '인천-남동-구월-1', 'TCC');
INSERT INTO datapoint(`timestamp`, `value`, `flag`, `idlocation`, `idcriteria`) VALUES('180108-12:34', 7.16, 1, '인천-남동-구월-1', 'PHI');
INSERT INTO datapoint(`timestamp`, `value`, `flag`, `idlocation`, `idcriteria`) VALUES('180108-12:34', 0.38, 1, '인천-남동-구월-1', 'TBI');
INSERT INTO datapoint(`timestamp`, `value`, `flag`, `idlocation`, `idcriteria`) VALUES('180108-12:34', 2, 1, '인천-남동-구월-1', 'TCC');
INSERT INTO datapoint(`timestamp`, `value`, `flag`, `idlocation`, `idcriteria`) VALUES('180109-12:34', 6.78, 1, '인천-남동-구월-1', 'PHI');
INSERT INTO datapoint(`timestamp`, `value`, `flag`, `idlocation`, `idcriteria`) VALUES('180109-12:34', 0.41, 1, '인천-남동-구월-1', 'TBI');
INSERT INTO datapoint(`timestamp`, `value`, `flag`, `idlocation`, `idcriteria`) VALUES('180109-12:34', 32, 1, '인천-남동-구월-1', 'TCC');
INSERT INTO datapoint(`timestamp`, `value`, `flag`, `idlocation`, `idcriteria`) VALUES('180110-12:34', 6.94, 1, '인천-남동-구월-1', 'PHI');
INSERT INTO datapoint(`timestamp`, `value`, `flag`, `idlocation`, `idcriteria`) VALUES('180110-12:34', 0.18, 1, '인천-남동-구월-1', 'TBI');
INSERT INTO datapoint(`timestamp`, `value`, `flag`, `idlocation`, `idcriteria`) VALUES('180110-12:34', 26, 1, '인천-남동-구월-1', 'TCC');
INSERT INTO datapoint(`timestamp`, `value`, `flag`, `idlocation`, `idcriteria`) VALUES('180111-12:34', 6.95, 1, '인천-남동-구월-1', 'PHI');
INSERT INTO datapoint(`timestamp`, `value`, `flag`, `idlocation`, `idcriteria`) VALUES('180111-12:34', 0.46, 1, '인천-남동-구월-1', 'TBI');
INSERT INTO datapoint(`timestamp`, `value`, `flag`, `idlocation`, `idcriteria`) VALUES('180111-12:34', 41, 1, '인천-남동-구월-1', 'TCC');
INSERT INTO datapoint(`timestamp`, `value`, `flag`, `idlocation`, `idcriteria`) VALUES('180112-12:34', 6.87, 1, '인천-남동-구월-1', 'PHI');
INSERT INTO datapoint(`timestamp`, `value`, `flag`, `idlocation`, `idcriteria`) VALUES('180112-12:34', 0.02, 1, '인천-남동-구월-1', 'TBI');
INSERT INTO datapoint(`timestamp`, `value`, `flag`, `idlocation`, `idcriteria`) VALUES('180112-12:34', 9, 1, '인천-남동-구월-1', 'TCC');
INSERT INTO datapoint(`timestamp`, `value`, `flag`, `idlocation`, `idcriteria`) VALUES('180113-12:34', 6.76, 1, '인천-남동-구월-1', 'PHI');
INSERT INTO datapoint(`timestamp`, `value`, `flag`, `idlocation`, `idcriteria`) VALUES('180113-12:34', 0.16, 1, '인천-남동-구월-1', 'TBI');
INSERT INTO datapoint(`timestamp`, `value`, `flag`, `idlocation`, `idcriteria`) VALUES('180113-12:34', 16, 1, '인천-남동-구월-1', 'TCC');
INSERT INTO datapoint(`timestamp`, `value`, `flag`, `idlocation`, `idcriteria`) VALUES('180114-12:34', 7.24, 1, '인천-남동-구월-1', 'PHI');
INSERT INTO datapoint(`timestamp`, `value`, `flag`, `idlocation`, `idcriteria`) VALUES('180114-12:34', 0.19, 1, '인천-남동-구월-1', 'TBI');
INSERT INTO datapoint(`timestamp`, `value`, `flag`, `idlocation`, `idcriteria`) VALUES('180114-12:34', 25, 1, '인천-남동-구월-1', 'TCC');
INSERT INTO datapoint(`timestamp`, `value`, `flag`, `idlocation`, `idcriteria`) VALUES('180114-12:34', 7.06, 1, '인천-남동-구월-1', 'PHI');
INSERT INTO datapoint(`timestamp`, `value`, `flag`, `idlocation`, `idcriteria`) VALUES('180114-12:34', 0.12, 1, '인천-남동-구월-1', 'TBI');
INSERT INTO datapoint(`timestamp`, `value`, `flag`, `idlocation`, `idcriteria`) VALUES('180114-12:34', 3, 1, '인천-남동-구월-1', 'TCC');
INSERT INTO datapoint(`timestamp`, `value`, `flag`, `idlocation`, `idcriteria`) VALUES('180115-12:34', 6.91, 1, '인천-남동-구월-1', 'PHI');
INSERT INTO datapoint(`timestamp`, `value`, `flag`, `idlocation`, `idcriteria`) VALUES('180115-12:34', 0.09, 1, '인천-남동-구월-1', 'TBI');
INSERT INTO datapoint(`timestamp`, `value`, `flag`, `idlocation`, `idcriteria`) VALUES('180115-12:34', 38, 1, '인천-남동-구월-1', 'TCC');
INSERT INTO datapoint(`timestamp`, `value`, `flag`, `idlocation`, `idcriteria`) VALUES('180116-12:34', 6.99, 1, '인천-남동-구월-1', 'PHI');
INSERT INTO datapoint(`timestamp`, `value`, `flag`, `idlocation`, `idcriteria`) VALUES('180116-12:34', 0.11, 1, '인천-남동-구월-1', 'TBI');
INSERT INTO datapoint(`timestamp`, `value`, `flag`, `idlocation`, `idcriteria`) VALUES('180116-12:34', 2, 1, '인천-남동-구월-1', 'TCC');
INSERT INTO datapoint(`timestamp`, `value`, `flag`, `idlocation`, `idcriteria`) VALUES('180117-12:34', 7.1, 1, '인천-남동-구월-1', 'PHI');
INSERT INTO datapoint(`timestamp`, `value`, `flag`, `idlocation`, `idcriteria`) VALUES('180117-12:34', 0.17, 1, '인천-남동-구월-1', 'TBI');
INSERT INTO datapoint(`timestamp`, `value`, `flag`, `idlocation`, `idcriteria`) VALUES('180117-12:34', 1, 1, '인천-남동-구월-1', 'TCC');
INSERT INTO datapoint(`timestamp`, `value`, `flag`, `idlocation`, `idcriteria`) VALUES('180118-12:34', 7, 1, '인천-남동-구월-1', 'PHI');
INSERT INTO datapoint(`timestamp`, `value`, `flag`, `idlocation`, `idcriteria`) VALUES('180118-12:34', 0.18, 1, '인천-남동-구월-1', 'TBI');
INSERT INTO datapoint(`timestamp`, `value`, `flag`, `idlocation`, `idcriteria`) VALUES('180118-12:34', 39, 1, '인천-남동-구월-1', 'TCC');
INSERT INTO datapoint(`timestamp`, `value`, `flag`, `idlocation`, `idcriteria`) VALUES('180119-12:34', 7.23, 1, '인천-남동-구월-1', 'PHI');
INSERT INTO datapoint(`timestamp`, `value`, `flag`, `idlocation`, `idcriteria`) VALUES('180119-12:34', 0.5, 1, '인천-남동-구월-1', 'TBI');
INSERT INTO datapoint(`timestamp`, `value`, `flag`, `idlocation`, `idcriteria`) VALUES('180119-12:34', 37, 1, '인천-남동-구월-1', 'TCC');
INSERT INTO datapoint(`timestamp`, `value`, `flag`, `idlocation`, `idcriteria`) VALUES('180120-12:34', 7.11, 1, '인천-남동-구월-1', 'PHI');
INSERT INTO datapoint(`timestamp`, `value`, `flag`, `idlocation`, `idcriteria`) VALUES('180120-12:34', 0.11, 1, '인천-남동-구월-1', 'TBI');
INSERT INTO datapoint(`timestamp`, `value`, `flag`, `idlocation`, `idcriteria`) VALUES('180120-12:34', 47, 1, '인천-남동-구월-1', 'TCC');
INSERT INTO datapoint(`timestamp`, `value`, `flag`, `idlocation`, `idcriteria`) VALUES('180121-12:34', 7.04, 1, '인천-남동-구월-1', 'PHI');
INSERT INTO datapoint(`timestamp`, `value`, `flag`, `idlocation`, `idcriteria`) VALUES('180121-12:34', 0.26, 1, '인천-남동-구월-1', 'TBI');
INSERT INTO datapoint(`timestamp`, `value`, `flag`, `idlocation`, `idcriteria`) VALUES('180121-12:34', 39, 1, '인천-남동-구월-1', 'TCC');
INSERT INTO datapoint(`timestamp`, `value`, `flag`, `idlocation`, `idcriteria`) VALUES('180122-12:34', 7.14, 1, '인천-남동-구월-1', 'PHI');
INSERT INTO datapoint(`timestamp`, `value`, `flag`, `idlocation`, `idcriteria`) VALUES('180122-12:34', 0.4, 1, '인천-남동-구월-1', 'TBI');
INSERT INTO datapoint(`timestamp`, `value`, `flag`, `idlocation`, `idcriteria`) VALUES('180122-12:34', 5, 1, '인천-남동-구월-1', 'TCC');
INSERT INTO datapoint(`timestamp`, `value`, `flag`, `idlocation`, `idcriteria`) VALUES('180123-12:34', 7.05, 1, '인천-남동-구월-1', 'PHI');
INSERT INTO datapoint(`timestamp`, `value`, `flag`, `idlocation`, `idcriteria`) VALUES('180123-12:34', 0.35, 1, '인천-남동-구월-1', 'TBI');
INSERT INTO datapoint(`timestamp`, `value`, `flag`, `idlocation`, `idcriteria`) VALUES('180123-12:34', 3, 1, '인천-남동-구월-1', 'TCC');
INSERT INTO datapoint(`timestamp`, `value`, `flag`, `idlocation`, `idcriteria`) VALUES('180124-12:34', 7.23, 1, '인천-남동-구월-1', 'PHI');
INSERT INTO datapoint(`timestamp`, `value`, `flag`, `idlocation`, `idcriteria`) VALUES('180124-12:34', 5.21, 0, '인천-남동-구월-1', 'TBI');
INSERT INTO datapoint(`timestamp`, `value`, `flag`, `idlocation`, `idcriteria`) VALUES('180124-12:34', 24, 1, '인천-남동-구월-1', 'TCC');
INSERT INTO datapoint(`timestamp`, `value`, `flag`, `idlocation`, `idcriteria`) VALUES('180125-12:34', 7.07, 1, '인천-남동-구월-1', 'PHI');
INSERT INTO datapoint(`timestamp`, `value`, `flag`, `idlocation`, `idcriteria`) VALUES('180125-12:34', 10.3, 0, '인천-남동-구월-1', 'TBI');
INSERT INTO datapoint(`timestamp`, `value`, `flag`, `idlocation`, `idcriteria`) VALUES('180125-12:34', 14, 1, '인천-남동-구월-1', 'TCC');
INSERT INTO datapoint(`timestamp`, `value`, `flag`, `idlocation`, `idcriteria`) VALUES('180126-12:34', 6.98, 1, '인천-남동-구월-1', 'PHI');
INSERT INTO datapoint(`timestamp`, `value`, `flag`, `idlocation`, `idcriteria`) VALUES('180126-12:34', 12.19, 0, '인천-남동-구월-1', 'TBI');
INSERT INTO datapoint(`timestamp`, `value`, `flag`, `idlocation`, `idcriteria`) VALUES('180126-12:34', 44, 1, '인천-남동-구월-1', 'TCC');
INSERT INTO datapoint(`timestamp`, `value`, `flag`, `idlocation`, `idcriteria`) VALUES('180127-12:34', 7.12, 1, '인천-남동-구월-1', 'PHI');
INSERT INTO datapoint(`timestamp`, `value`, `flag`, `idlocation`, `idcriteria`) VALUES('180127-12:34', 11.66, 0, '인천-남동-구월-1', 'TBI');
INSERT INTO datapoint(`timestamp`, `value`, `flag`, `idlocation`, `idcriteria`) VALUES('180127-12:34', 29, 1, '인천-남동-구월-1', 'TCC');
INSERT INTO datapoint(`timestamp`, `value`, `flag`, `idlocation`, `idcriteria`) VALUES('180128-12:34', 6.98, 1, '인천-남동-구월-1', 'PHI');
INSERT INTO datapoint(`timestamp`, `value`, `flag`, `idlocation`, `idcriteria`) VALUES('180128-12:34', 10.74, 0, '인천-남동-구월-1', 'TBI');
INSERT INTO datapoint(`timestamp`, `value`, `flag`, `idlocation`, `idcriteria`) VALUES('180128-12:34', 25, 1, '인천-남동-구월-1', 'TCC');
INSERT INTO datapoint(`timestamp`, `value`, `flag`, `idlocation`, `idcriteria`) VALUES('180129-12:34', 6.75, 1, '인천-남동-구월-1', 'PHI');
INSERT INTO datapoint(`timestamp`, `value`, `flag`, `idlocation`, `idcriteria`) VALUES('180129-12:34', 12.5, 0, '인천-남동-구월-1', 'TBI');
INSERT INTO datapoint(`timestamp`, `value`, `flag`, `idlocation`, `idcriteria`) VALUES('180129-12:34', 11, 1, '인천-남동-구월-1', 'TCC');
INSERT INTO datapoint(`timestamp`, `value`, `flag`, `idlocation`, `idcriteria`) VALUES('180130-12:34', 6.97, 1, '인천-남동-구월-1', 'PHI');
INSERT INTO datapoint(`timestamp`, `value`, `flag`, `idlocation`, `idcriteria`) VALUES('180130-12:34', 11.39, 0, '인천-남동-구월-1', 'TBI');
INSERT INTO datapoint(`timestamp`, `value`, `flag`, `idlocation`, `idcriteria`) VALUES('180130-12:34', 50, 1, '인천-남동-구월-1', 'TCC');
INSERT INTO datapoint(`timestamp`, `value`, `flag`, `idlocation`, `idcriteria`) VALUES('180131-12:34', 6.88, 1, '인천-남동-구월-1', 'PHI');
INSERT INTO datapoint(`timestamp`, `value`, `flag`, `idlocation`, `idcriteria`) VALUES('180131-12:34', 11.81, 0, '인천-남동-구월-1', 'TBI');
INSERT INTO datapoint(`timestamp`, `value`, `flag`, `idlocation`, `idcriteria`) VALUES('180131-12:34', 17, 1, '인천-남동-구월-1', 'TCC');
